id,ELONCOL,ELATCOL,distance,Vm_ENS,f,mean_Vm,grid_attraction,Rg,pedestrian_cost
001733faf22a15344d2d2ddc7c8c8c31,331.0,600.0,883.2555385845078,209.9458920065846,3.858024691358025e-07,14.489509722781673,0.5352673104004738,502.6892063,36603.35022501062
004bb927e80778cf514044feb7888a53,574.0,563.0,5562.592152389727,426047829.7564185,3.858024691358025e-07,20640.926087664247,383.098482659829,6233.064908,15683088771489.434
006d0bc4261510ff7df3776e8ede12e4,176.0,312.0,1981.8597071591505,13903.744255743031,3.858024691358025e-07,117.9141393376682,1.2010394145259664,8226.075178,261059.55079362175
00c9e6455f7d49227795cfc5b75424e0,231.0,452.0,9527.642265401724,13147409183.185232,3.858024691358025e-07,114662.15235719776,1077.459669358829,72200.984,1.4934617644415534e+16
00c9e6455f7d49227795cfc5b75424e0,231.0,452.0,8513.058024707329,2624100661.2756057,3.858024691358025e-07,51225.97643067046,1077.459669358829,72200.984,594942232297935.5
0190b8d29bf6b4f95cd9898dc4620edb,556.0,310.0,2055.426443824971,4201272.907539551,3.858024691358025e-07,2049.7006873052346,10.086790370475711,112026.1095,1529127945.583757
01fe7f07816314274c86fd9d1e0434f5,372.0,427.0,1597.6924618003404,1666950.4770632596,3.858024691358025e-07,1291.1043633507168,9.213306804711038,465.7072045,242672239.32147866
0212968cf484da7d6618c8d6a826363e,424.0,691.0,675.8770070421157,18.447147300796388,3.858024691358025e-07,4.295014237554561,0.409592526611089,10758.94487,15910.894336516278
028b67daa49589242c50c3f0754a1a39,466.0,211.0,387.0243838590644,95.50855375906656,3.858024691358025e-07,9.77284778143334,0.2345431100923678,6655.195677,26240.755285416613
02a7ae744659df962658c48e3bfb88e5,487.0,520.0,5414.833008829376,1179670.3563829756,3.858024691358025e-07,1086.1263077483095,9.579893281515108,24767.46149,122418065.65023832
031764d5c61c4f1e4eac5fd63673ce8d,289.0,162.0,148.42808814490894,0.0522735347544684,3.858024691358025e-07,0.2286340629794005,0.0899498503356133,4670.964896,6074.907875798705
033b8b6d896838e823b3a2dec169516c,471.0,762.0,694.1181761995316,330.57929647671364,3.858024691358025e-07,18.18183974400593,0.4206469736533574,6313.371072,43723.48593736601
03da1958f8b946fffde80f8fcbb09980,422.0,803.0,2104.448144964022,409775.7084886137,3.858024691358025e-07,640.1372575382671,1.2753300140487975,157.5135641,15796823.904745268
04167b83d662a2a66e3518d5ef2ff609,410.0,664.0,147.03123004901812,80.63716607839744,7.716049382716049e-07,5.027573113743046,0.3564137877849149,27058.5714,15664.661570509874
04167b83d662a2a66e3518d5ef2ff609,410.0,664.0,147.03123004901812,80.63716607839744,7.716049382716049e-07,5.027573113743046,0.3564137877849149,27058.5714,15664.661570509874
0449d9947f9cd239824533a5033c7ddb,391.0,561.0,111.1949266449762,0.0160491670840015,3.858024691358025e-07,0.1266853072933144,0.0673859451656543,939.9725502,5546.290067388839
04c29c78a238219a7b681ec6a649b63c,209.0,430.0,3366.2543032094786,6212840.075504608,3.858024691358025e-07,2492.556935258372,29.11502053936468,3936.027581,3339980825.3133855
050e881b3b289b8516090d9ecfad6284,313.0,695.0,1205.6601547544972,520.9229983812921,3.858024691358025e-07,22.82373760761572,0.7306497839195869,35996.17272,53644.013806481176
058097894d152b8158df18aee672c323,321.0,585.0,1559.7008979489824,405694519.4056448,3.858024691358025e-07,20141.859879505784,345.5498076267974,1949.962661,14220447213726.24
058097894d152b8158df18aee672c323,327.0,581.0,1760.3845165052542,119512496354.61185,1.5432098765432098e-06,156292.62693627598,7432.999821891688,1949.962661,1.2340716585289134e+18
058097894d152b8158df18aee672c323,330.0,584.0,3107.3846063356555,131895425036.10252,1.1574074074074074e-06,178047.75999220554,14954.48917578099,1949.962661,1.5030492321233423e+18
058097894d152b8158df18aee672c323,327.0,581.0,1760.3845165052542,119512496354.61185,1.5432098765432098e-06,156292.62693627598,7432.999821891688,1949.962661,1.2340716585289134e+18
058097894d152b8158df18aee672c323,324.0,583.0,823.5032658017362,3281845517.8003006,1.1574074074074074e-06,31553.3842235962,881.0094303409696,1949.962661,930572127348102.4
058097894d152b8158df18aee672c323,325.0,582.0,1460.6893722304956,320239386193.97186,3.858024691358025e-07,565896.9748938157,16168.573132939766,1949.962661,8.860602051330461e+18
058097894d152b8158df18aee672c323,324.0,583.0,823.5032658017362,3281845517.8003006,1.1574074074074074e-06,31553.3842235962,881.0094303409696,1949.962661,930572127348102.4
058097894d152b8158df18aee672c323,323.0,584.0,3766.843376843148,2134508121011.077,7.716049382716049e-07,764417.2101258034,16833.036278644806,1949.962661,3.936491929739462e+20
058097894d152b8158df18aee672c323,327.0,581.0,1760.3845165052542,119512496354.61185,1.5432098765432098e-06,156292.62693627598,7432.999821891688,1949.962661,1.2340716585289134e+18
058097894d152b8158df18aee672c323,323.0,584.0,3766.843376843148,2134508121011.077,7.716049382716049e-07,764417.2101258034,16833.036278644806,1949.962661,3.936491929739462e+20
058097894d152b8158df18aee672c323,330.0,584.0,3107.3846063356555,131895425036.10252,1.1574074074074074e-06,178047.75999220554,14954.48917578099,1949.962661,1.5030492321233423e+18
058097894d152b8158df18aee672c323,327.0,581.0,1760.3845165052542,119512496354.61185,1.5432098765432098e-06,156292.62693627598,7432.999821891688,1949.962661,1.2340716585289134e+18
058097894d152b8158df18aee672c323,324.0,583.0,823.5032658017362,3281845517.8003006,1.1574074074074074e-06,31553.3842235962,881.0094303409696,1949.962661,930572127348102.4
058097894d152b8158df18aee672c323,324.0,583.0,1166.5379503798297,2521574076.8928742,3.858024691358025e-07,50215.277325659314,881.0094303409696,1949.962661,549360315740792.0
058097894d152b8158df18aee672c323,330.0,584.0,3107.3846063356555,131895425036.10252,1.1574074074074074e-06,178047.75999220554,14954.48917578099,1949.962661,1.5030492321233423e+18
05bbd2351c00d7e62daa6b5792371462,108.0,634.0,1263.0901620307584,1124.1659698568756,3.858024691358025e-07,33.52858437000995,0.7654533079732206,7095.580619,75189.21962348868
05cdec0dbf5598a1d08e1c1c684ebdd1,391.0,157.0,4287.737119805312,2007499.1325924688,3.858024691358025e-07,1416.862425428972,2.5984388612660023,803.6377082,351039679.04272264
064b6fccd5cb8ef2cad6e9f10e70761f,386.0,670.0,1063.7061139348857,2235.2209832417084,3.858024691358025e-07,47.278123728017256,0.6446233120709239,3929.864556,102817.54158600698
06919e17c9d63904977e65fcdd3b5f93,315.0,725.0,12862127.848335864,3245824480731.9546,3.858024691358025e-07,1801617.1848458687,22128.405387407307,4044.126337,9.102565347633129e+20
06dc4014262f63e88a929743f383e765,286.0,396.0,734.167548715983,28306.085320547536,3.858024691358025e-07,168.24412417837223,0.4449175487751172,0.0,413127.73113649327
0745c0d3b4e6986557b08ccc34c03958,601.0,610.0,134847.76822464148,63320249465.60607,3.858024691358025e-07,251635.1514904189,1742.499324653258,18860.78997,3.464168254454846e+17
07e0385b9f2c8786be11d0ca6d52fe99,458.0,648.0,444.6720933592171,3097.5827112333013,3.858024691358025e-07,55.65593150090385,0.2694785654235876,581.0828488,118990.57509652448
0817741d3ee5c2cebadbd66aa7a660f6,534.0,322.0,347.58616406954974,170.55017854573106,3.858024691358025e-07,13.0594861516727,0.2106429035079981,136625.0851,32706.270398216362
082cbcb65632268014251718a4c18e7f,465.0,636.0,1471.0595325839238,29579099.412418075,3.858024691358025e-07,5438.667062104287,72.39408344194072,12135.30054,75604243273.71768
0833c5034baee0ff66bc7d59feee9db5,178.0,295.0,37578.34507918706,76867311.49840786,3.858024691358025e-07,8767.40049834658,116.7118080582485,18841.15613,510519167687.96045
0833c5034baee0ff66bc7d59feee9db5,411.0,294.0,2277.536283294077,28913.253009894983,3.858024691358025e-07,170.0389749730778,1.3802242581724609,18841.15613,420992.3348947301
086d4f880e45bbed78075150f0b35ec3,445.0,809.0,527.0049162585065,376599.9847227376,7.716049382716049e-07,372.0965959751589,2.874372364714716,6962.438244,13005134.436648676
086d4f880e45bbed78075150f0b35ec3,445.0,809.0,527.0049162585065,376599.9847227376,7.716049382716049e-07,372.0965959751589,2.874372364714716,6962.438244,13005134.436648676
087801474fbabde43a3bfb3789c3480b,283.0,280.0,489.1591802655957,1.7004585469920606,3.858024691358025e-07,1.304016313928649,0.2964384680925921,1236.502093,9564.89002647808
088099097ec1630853900759df7e0e3c,266.0,860.0,7922.96823896074,744955395.3884807,3.858024691358025e-07,27293.87102241968,181.6013443536014,75701.39692,47948472550463.68
0882bc1f9dfdf867023eded560fe922c,265.0,453.0,17168.515156573052,3724145.10495873,3.858024691358025e-07,1929.804421426879,10.404401140613418,126824.1082,1202174357.3635774
08cc5aa8408aa8bb7b8fabe9d222d6a4,389.0,630.0,2257.841586889637,733146.0934949305,3.858024691358025e-07,856.2395070860317,1.3682889501031965,1757.249484,48161429.82121548
08e69d195c8a275950e59a523bfd1be2,538.0,254.0,1074.7077338511986,4413743949.078414,3.858024691358025e-07,66436.01394634099,977.1887238261564,1961.783458,1683170252869342.5
08e69d195c8a275950e59a523bfd1be2,539.0,253.0,674.3203379644006,85809204.58698648,3.858024691358025e-07,9263.32578434908,122.91349298748806,1961.783458,636200706705.0078
09006b1a4d6df23c156063b52f3a6d62,300.0,494.0,5917.915811411481,1136320464.5604188,3.858024691358025e-07,33709.35277575674,713.45328047358,5050.381356,111561838151111.78
091136e378c3175389db8eda8de86e34,299.0,654.0,588.0248568388873,23.39188996483204,3.858024691358025e-07,4.836516304617616,0.3563526859360016,2278.212394,16836.787111693924
0939d7882c3c08983795cf2e5c4787e5,448.0,548.0,1019.2682529281584,1617041568.0323088,3.4722222222222224e-06,10256.401796696557,970.5412195954166,2240.119288,225920765109700.25
0939d7882c3c08983795cf2e5c4787e5,448.0,548.0,1019.2682529281584,1617041568.0323088,3.4722222222222224e-06,10256.401796696557,970.5412195954166,2240.119288,225920765109700.25
0939d7882c3c08983795cf2e5c4787e5,448.0,548.0,1019.2682529281584,1617041568.0323088,3.4722222222222224e-06,10256.401796696557,970.5412195954166,2240.119288,225920765109700.25
0939d7882c3c08983795cf2e5c4787e5,448.0,548.0,1019.2682529281584,1617041568.0323088,3.4722222222222224e-06,10256.401796696557,970.5412195954166,2240.119288,225920765109700.25
0939d7882c3c08983795cf2e5c4787e5,448.0,548.0,1019.2682529281584,1617041568.0323088,3.4722222222222224e-06,10256.401796696557,970.5412195954166,2240.119288,225920765109700.25
0939d7882c3c08983795cf2e5c4787e5,448.0,548.0,1019.2682529281584,1617041568.0323088,3.4722222222222224e-06,10256.401796696557,970.5412195954166,2240.119288,225920765109700.25
0939d7882c3c08983795cf2e5c4787e5,448.0,548.0,1019.2682529281584,1617041568.0323088,3.4722222222222224e-06,10256.401796696557,970.5412195954166,2240.119288,225920765109700.25
0939d7882c3c08983795cf2e5c4787e5,448.0,548.0,1019.2682529281584,1617041568.0323088,3.4722222222222224e-06,10256.401796696557,970.5412195954166,2240.119288,225920765109700.25
0939d7882c3c08983795cf2e5c4787e5,448.0,548.0,1019.2682529281584,1617041568.0323088,3.4722222222222224e-06,10256.401796696557,970.5412195954166,2240.119288,225920765109700.25
095417accd323485884acbfaeb829a3f,275.0,387.0,3009.3692519934125,2237605.821846116,3.858024691358025e-07,1495.8629020889969,11.592627110257322,2137.194757,435595139.29257745
0ad7c9bb21701f5465f337560b400e32,271.0,651.0,15331.771877481113,6355417589.737713,7.716049382716049e-07,41629.29124018853,1683.3865464288735,12195.47999,3489811232000875.5
0ad7c9bb21701f5465f337560b400e32,271.0,651.0,15331.771877481113,6355417589.737713,7.716049382716049e-07,41629.29124018853,1683.3865464288735,12195.47999,3489811232000875.5
0ad7c9bb21701f5465f337560b400e32,271.0,680.0,14471.013730163932,5650162369.386622,3.858024691358025e-07,75167.56194919869,714.3278027614676,12195.47999,2758262677103267.5
0afdc38ea840ef23fce1badeada03405,494.0,395.0,625.0252328769385,219.40006004361763,3.858024691358025e-07,14.812159195863972,0.3787755193441509,46107.99849,36864.51230515425
0b1992e84adc0a3fd61a8c0a1154cc0b,329.0,693.0,508.8631349016366,515775.2620610958,7.716049382716049e-07,385.570530978168,1.2335191467405606,12120.79874,23762627.266389675
0b1992e84adc0a3fd61a8c0a1154cc0b,329.0,693.0,508.8631349016366,515775.2620610958,7.716049382716049e-07,385.570530978168,1.2335191467405606,12120.79874,23762627.266389675
0c1e00b83e5bf0b907d0be2432ca7b96,-46.0,445.0,8063.28189872378,493638.12030680897,3.858024691358025e-07,702.5938516004883,4.886480782129742,52347.12743,22469127.124535628
0c1f06f82f075a597e5a97cd483919b8,233.0,260.0,68193.77312679235,49776915.2997318,3.858024691358025e-07,7055.275706854538,41.32654247174307,54402.41567,214090971098.35178
0c968010e01024fbfb6972a62e09d67f,206.0,337.0,100403.07238310346,34092219.16962514,3.858024691358025e-07,5838.854268572315,60.84590491747871,16915.25564,100432631490.36086
0db0c7620138af32345283dc72af88b9,396.0,704.0,1205.503602213926,3950.724890122073,3.858024691358025e-07,62.85479210149432,0.7305549102396801,7085.239969,135028.5842907763
0dc5ab42fb370847d0d4e748e0fa4b32,434.0,425.0,30551.51308060557,3743726.765915285,3.858024691358025e-07,1934.8712530593048,18.51471688580306,1201.387492,1214819687.662448
0df647689329cb5cb329d117d6353069,753.0,640.0,242.34333854887169,18.61750883253049,3.858024691358025e-07,4.314801134760499,0.1468640289513227,10508.40397,14798.43061240034
0ea3668afb2e07d9c4323a5850b32101,253.0,592.0,5531.76670864595,181847803.79411367,3.858024691358025e-07,13485.095616795368,91.11410129257104,4778.738476,2857156071418.551
0ea3668afb2e07d9c4323a5850b32101,246.0,604.0,8545.639268258423,108494936.2481049,3.858024691358025e-07,10416.090257294476,180.03100735585312,4778.738476,1017048305294.4803
0ea5324f5271f2a08f379b4ed00bd781,114.0,203.0,44034.14848758556,151494205.72368237,3.858024691358025e-07,12308.298246454802,102.04620784731269,46648.57897,1982947341993.8982
0f05d71fa8d01590a8be54b7298d995d,449.0,804.0,3175.250692843608,2221058.644731515,3.858024691358025e-07,1490.3216581434745,7.556825511008071,3747.225727,429209671.17247355
0fbab3f3db01b1783e842ff48491575c,123.0,575.0,347.2842576939387,2791.3841453002733,7.716049382716049e-07,35.441823674652,0.8418408641819123,5987.667626,78129.38292875414
0fbab3f3db01b1783e842ff48491575c,123.0,575.0,347.2842576939387,2791.3841453002733,7.716049382716049e-07,35.441823674652,0.8418408641819123,5987.667626,78129.38292875414
0fbab3f3db01b1783e842ff48491575c,121.0,575.0,1021.7797358682624,19330.98441377436,3.858024691358025e-07,139.0359105187374,0.6192152408999637,5987.667626,318143.0059140099
10de88ab7bbdefbf4cf6c8ecc2be1cd5,513.0,285.0,910.8171861658914,124.35154134839505,3.858024691358025e-07,11.151302226574035,0.5519701198778325,5527.233275,29959.410398495973
110b49c35c01bd910a4fc973f5f1a1bc,159.0,433.0,12827107.249531798,11128431991909.523,7.716049382716049e-07,1777379.5144650503,109992.33954805206,18814.93155,1.0699948678918739e+22
110b49c35c01bd910a4fc973f5f1a1bc,159.0,433.0,12827107.249531798,11128431991909.523,7.716049382716049e-07,1777379.5144650503,109992.33954805206,18814.93155,1.0699948678918739e+22
129a3ab3499608ae44411ab571d360d3,263.0,621.0,60150.46736050236,89889458.70731913,3.858024691358025e-07,9481.005152794673,93.56792162042962,1291.602325,698140891942.3455
12a8ed7f433a02d3da9080c2fa1ee9e3,447.0,189.0,408.2591112769482,6.467208646014405,3.858024691358025e-07,2.5430707119571814,0.2474117023918299,25182.73312,11842.012407701954
13325ec8d8da6de117c30ee2a9545dee,187.0,300.0,1451.771846528508,6400649.223041178,3.858024691358025e-07,2529.950438850765,23.74573951259176,2918.557898,3544730104.918135
13d64cdb9b2088492ff65a9d6c7ab931,509.0,655.0,2186.6167271986574,18619.191160739152,3.858024691358025e-07,136.45215703952485,1.325125519386103,28524.41152,311498.0919351236
1424db1d0b927b78d2bd230d0b40cfd4,-80.0,479.0,4452.027241276032,4438377.1239288375,3.858024691358025e-07,2106.7456239254034,17.883817519432387,17617.19572,1706233075.1255155
1424db1d0b927b78d2bd230d0b40cfd4,-81.0,463.0,2003.929856783659,99915.09307717536,3.858024691358025e-07,316.0934878753046,1.214414286592277,17617.19572,1503262.5908081983
1576cff2892343dc0484d97b32ef2ac9,698.0,647.0,13054940.595416004,414594654634.2321,3.858024691358025e-07,643890.2504575078,35146.5310931676,15448.0534,1.4851186070358237e+19
15b9a350987362d68fba8db8c4d0c115,332.0,97.0,11502.506129249425,1278831.3234915915,3.858024691358025e-07,1130.854245025234,6.970706947197922,15095.95225,143571598.6579034
1708c9a3dfbf7d768060dfa72a039df9,401.0,713.0,887.3578895773242,66.3075370319207,3.858024691358025e-07,8.142944002749909,0.5377534022392741,4192.613029,23912.313906266016
1708c9a3dfbf7d768060dfa72a039df9,402.0,713.0,1261.4129097965254,1641.4055518534458,3.858024691358025e-07,40.514263560546745,0.7644368658138805,4192.613029,89282.42671254845
1915c499d51b8c6c579c0739703d44b4,64.0,602.0,11537.001668096136,1361568.603973555,3.858024691358025e-07,1166.8627185635655,6.991611808939156,754.4681537,162518519.33997715
19390618f9cd9dbb8e06fac7601c43e8,376.0,662.0,5118.141361477582,3772420.148522182,3.858024691358025e-07,1942.271903859545,3.101677420437396,7461.227854,1233465824.6482882
19c9ebf6db3b5777fe594f8aeee603b5,663.0,645.0,8394.969921359892,60767315.89407952,3.858024691358025e-07,7795.339370038967,97.63122966749104,1020.404286,319062002064.3806
19c9ebf6db3b5777fe594f8aeee603b5,466.0,195.0,227299.19026366764,44547931399.07593,3.858024691358025e-07,211063.8088329592,6357.878833535475,1020.404286,1.7146237220547882e+17
1a619c93d9b0196575fde39963e820c0,478.0,674.0,800.6943257699246,110964.95900999244,7.716049382716049e-07,185.9296980437808,1.940937972948105,555.0990415,1443232.089418144
1a619c93d9b0196575fde39963e820c0,478.0,674.0,800.6943257699246,110964.95900999244,7.716049382716049e-07,185.9296980437808,1.940937972948105,555.0990415,1443232.089418144
1b057b91b8017882ee4cca971b79093f,633.0,621.0,13027726.558184303,74092193721.66223,7.716049382716049e-07,184774.68134715303,10790.721545810846,2684.718537,4.74306034299759e+17
1b057b91b8017882ee4cca971b79093f,633.0,621.0,13027726.558184303,74092193721.66223,7.716049382716049e-07,184774.68134715303,10790.721545810846,2684.718537,4.74306034299759e+17
1b0c104b57ca90fa80e396eea9703ea9,326.0,124.0,913.7248420779558,70.04339621640257,3.858024691358025e-07,8.36919328348931,0.5537322069354806,3207.948135,24397.65992855504
1bc47d31e34304839a805da8a8f65c48,596.0,588.0,125119.32946342688,330937828363.1351,3.858024691358025e-07,575271.9603484382,15839.869966424918,1401.552739,9.462514716434115e+18
1bc47d31e34304839a805da8a8f65c48,411.0,190.0,219688.5235613391,3148961321.583688,3.858024691358025e-07,56115.60675590782,1259.537585950888,1401.552739,856738832022349.4
1bc47d31e34304839a805da8a8f65c48,264.0,55.0,3974.9636668889248,631405.3404335077,3.858024691358025e-07,794.6101814308118,2.408893030376175,1401.552739,36043852.05079086
1ced697920f4d21d149b851643344f3b,264.0,288.0,674.2992127545241,13.605759518504923,3.858024691358025e-07,3.688598584625999,0.4086363575061228,3220.20435,14694.773167652664
1d23ae5f7a79454dcfd9ae95377624ca,348.0,742.0,749.3054094637135,382.7746509632249,3.858024691358025e-07,19.564627544709992,0.4540913401429879,529.609506,46577.70859233485
1e541dc162c3a0507b25476b6ea8a139,5.0,291.0,8024.066541632697,9433293058.136686,4.243827160493827e-06,28881.104005190075,1083.886664716643,10206.86111,7688478406119907.0
1e541dc162c3a0507b25476b6ea8a139,5.0,291.0,8024.066541632697,9433293058.136686,4.243827160493827e-06,28881.104005190075,1083.886664716643,10206.86111,7688478406119907.0
1e541dc162c3a0507b25476b6ea8a139,5.0,291.0,8024.066541632697,9433293058.136686,4.243827160493827e-06,28881.104005190075,1083.886664716643,10206.86111,7688478406119907.0
1e541dc162c3a0507b25476b6ea8a139,5.0,291.0,8024.066541632697,9433293058.136686,4.243827160493827e-06,28881.104005190075,1083.886664716643,10206.86111,7688478406119907.0
1e541dc162c3a0507b25476b6ea8a139,5.0,291.0,8024.066541632697,9433293058.136686,4.243827160493827e-06,28881.104005190075,1083.886664716643,10206.86111,7688478406119907.0
1e541dc162c3a0507b25476b6ea8a139,5.0,291.0,8024.066541632697,9433293058.136686,4.243827160493827e-06,28881.104005190075,1083.886664716643,10206.86111,7688478406119907.0
1e541dc162c3a0507b25476b6ea8a139,4.0,300.0,4235.574568115284,3504977871.372243,3.858024691358025e-07,59202.853574572255,1257.282978003198,10206.86111,1061412875944195.4
1e541dc162c3a0507b25476b6ea8a139,5.0,291.0,8024.066541632697,9433293058.136686,4.243827160493827e-06,28881.104005190075,1083.886664716643,10206.86111,7688478406119907.0
1e541dc162c3a0507b25476b6ea8a139,5.0,291.0,8024.066541632697,9433293058.136686,4.243827160493827e-06,28881.104005190075,1083.886664716643,10206.86111,7688478406119907.0
1e541dc162c3a0507b25476b6ea8a139,5.0,291.0,8024.066541632697,9433293058.136686,4.243827160493827e-06,28881.104005190075,1083.886664716643,10206.86111,7688478406119907.0
1e541dc162c3a0507b25476b6ea8a139,5.0,291.0,8024.066541632697,9433293058.136686,4.243827160493827e-06,28881.104005190075,1083.886664716643,10206.86111,7688478406119907.0
1e541dc162c3a0507b25476b6ea8a139,5.0,291.0,8024.066541632697,9433293058.136686,4.243827160493827e-06,28881.104005190075,1083.886664716643,10206.86111,7688478406119907.0
1f4ff548d5603d300dcd71120c0477bc,138.0,501.0,16861.422711338546,91424868531.20836,8.101851851851852e-06,64728.06234390128,8655.205791750814,38116.80179,7.221749691554377e+17
1f4ff548d5603d300dcd71120c0477bc,138.0,501.0,16861.422711338546,91424868531.20836,8.101851851851852e-06,64728.06234390128,8655.205791750814,38116.80179,7.221749691554377e+17
1f4ff548d5603d300dcd71120c0477bc,138.0,501.0,16861.422711338546,91424868531.20836,8.101851851851852e-06,64728.06234390128,8655.205791750814,38116.80179,7.221749691554377e+17
1f4ff548d5603d300dcd71120c0477bc,138.0,501.0,16861.422711338546,91424868531.20836,8.101851851851852e-06,64728.06234390128,8655.205791750814,38116.80179,7.221749691554377e+17
1f4ff548d5603d300dcd71120c0477bc,138.0,501.0,16861.422711338546,91424868531.20836,8.101851851851852e-06,64728.06234390128,8655.205791750814,38116.80179,7.221749691554377e+17
1f4ff548d5603d300dcd71120c0477bc,138.0,501.0,16861.422711338546,91424868531.20836,8.101851851851852e-06,64728.06234390128,8655.205791750814,38116.80179,7.221749691554377e+17
1f4ff548d5603d300dcd71120c0477bc,116.0,490.0,12183.807871795889,10142463938.909609,1.1574074074074074e-06,52150.24333813272,588.3215266623292,38116.80179,8887931362890928.0
1f4ff548d5603d300dcd71120c0477bc,138.0,501.0,16861.422711338546,91424868531.20836,8.101851851851852e-06,64728.06234390128,8655.205791750814,38116.80179,7.221749691554377e+17
1f4ff548d5603d300dcd71120c0477bc,116.0,490.0,12183.807871795889,10142463938.909609,1.1574074074074074e-06,52150.24333813272,588.3215266623292,38116.80179,8887931362890928.0
1f4ff548d5603d300dcd71120c0477bc,138.0,501.0,16861.422711338546,91424868531.20836,8.101851851851852e-06,64728.06234390128,8655.205791750814,38116.80179,7.221749691554377e+17
1f4ff548d5603d300dcd71120c0477bc,141.0,508.0,3983.441211536495,2846963518.117773,7.716049382716049e-07,37498.29630012311,685.1980014905399,38116.80179,700289465035749.0
1f4ff548d5603d300dcd71120c0477bc,138.0,501.0,16861.422711338546,91424868531.20836,8.101851851851852e-06,64728.06234390128,8655.205791750814,38116.80179,7.221749691554377e+17
1f4ff548d5603d300dcd71120c0477bc,116.0,490.0,12183.807871795889,10142463938.909609,1.1574074074074074e-06,52150.24333813272,588.3215266623292,38116.80179,8887931362890928.0
1f4ff548d5603d300dcd71120c0477bc,111.0,489.0,3230.4760339477275,17473234.28938615,3.858024691358025e-07,4180.099794189865,10.473945986507804,38116.80179,26387491668.238846
1f4ff548d5603d300dcd71120c0477bc,138.0,501.0,16861.422711338546,91424868531.20836,8.101851851851852e-06,64728.06234390128,8655.205791750814,38116.80179,7.221749691554377e+17
1f4ff548d5603d300dcd71120c0477bc,138.0,501.0,16861.422711338546,91424868531.20836,8.101851851851852e-06,64728.06234390128,8655.205791750814,38116.80179,7.221749691554377e+17
1f4ff548d5603d300dcd71120c0477bc,193.0,557.0,53241.0265111048,1958495904.602369,3.858024691358025e-07,44254.89695618293,690.4433889938566,38116.80179,331405104922965.0
1f4ff548d5603d300dcd71120c0477bc,111.0,493.0,36112.38157328084,2325092717.174963,3.858024691358025e-07,48219.215227696965,1247.7082963436449,38116.80179,467083347245170.6
1f4ff548d5603d300dcd71120c0477bc,138.0,501.0,16861.422711338546,91424868531.20836,8.101851851851852e-06,64728.06234390128,8655.205791750814,38116.80179,7.221749691554377e+17
1f4ff548d5603d300dcd71120c0477bc,138.0,501.0,16861.422711338546,91424868531.20836,8.101851851851852e-06,64728.06234390128,8655.205791750814,38116.80179,7.221749691554377e+17
1f4ff548d5603d300dcd71120c0477bc,138.0,501.0,16861.422711338546,91424868531.20836,8.101851851851852e-06,64728.06234390128,8655.205791750814,38116.80179,7.221749691554377e+17
1f4ff548d5603d300dcd71120c0477bc,138.0,501.0,16861.422711338546,91424868531.20836,8.101851851851852e-06,64728.06234390128,8655.205791750814,38116.80179,7.221749691554377e+17
1f4ff548d5603d300dcd71120c0477bc,138.0,501.0,16861.422711338546,91424868531.20836,8.101851851851852e-06,64728.06234390128,8655.205791750814,38116.80179,7.221749691554377e+17
1f4ff548d5603d300dcd71120c0477bc,138.0,501.0,16861.422711338546,91424868531.20836,8.101851851851852e-06,64728.06234390128,8655.205791750814,38116.80179,7.221749691554377e+17
1f4ff548d5603d300dcd71120c0477bc,138.0,501.0,16861.422711338546,91424868531.20836,8.101851851851852e-06,64728.06234390128,8655.205791750814,38116.80179,7.221749691554377e+17
1f4ff548d5603d300dcd71120c0477bc,138.0,501.0,16861.422711338546,91424868531.20836,8.101851851851852e-06,64728.06234390128,8655.205791750814,38116.80179,7.221749691554377e+17
1f4ff548d5603d300dcd71120c0477bc,138.0,501.0,16861.422711338546,91424868531.20836,8.101851851851852e-06,64728.06234390128,8655.205791750814,38116.80179,7.221749691554377e+17
1f4ff548d5603d300dcd71120c0477bc,123.0,498.0,6049.603286290954,297805120.4126305,3.858024691358025e-07,17257.03104281355,125.40523814977736,38116.80179,7662668197727.033
1f4ff548d5603d300dcd71120c0477bc,138.0,501.0,16861.422711338546,91424868531.20836,8.101851851851852e-06,64728.06234390128,8655.205791750814,38116.80179,7.221749691554377e+17
1f4ff548d5603d300dcd71120c0477bc,141.0,508.0,3983.441211536495,2846963518.117773,7.716049382716049e-07,37498.29630012311,685.1980014905399,38116.80179,700289465035749.0
1f7f41069119b755e89e5a574e117e58,439.0,751.0,4486.482470168262,614041.3775901543,3.858024691358025e-07,783.6079233839805,2.7188817957283447,717.4057517,34153506.50049924
1f86dc51f2ebca7334f480c6bd5d64ea,561.0,558.0,869.1004618816087,623.4504110968423,3.858024691358025e-07,24.96898898827989,0.526689102279944,5512.252737,57574.36992685869
1ff5be302f262f49f19c66294b4598c1,576.0,620.0,830.3387608044342,49.59862443481632,3.858024691358025e-07,7.042629085420892,0.5031988770986444,35551.7867,21639.629273926595
205eab2b87e14ff2bd75e5c7857eb75f,408.0,630.0,1352.939085439109,540.5290342129588,3.858024691358025e-07,23.24928029451576,0.819903225641237,5985.528022,54623.75543675741
20d64d9784f5e4e3995e8f3551d27486,608.0,416.0,6899.805954777863,288246.84333761514,3.858024691358025e-07,536.8862480429306,4.181395320398416,10845.31256,8262354.16908231
2232b28a987d25f8ddcf8b5290ef8423,159.0,711.0,4255.44241552081,410609.1893193938,3.858024691358025e-07,640.7879441120859,2.578867742156284,26354.86204,15857996.60497443
223f69054e18b048ca0f92bc85ef4f0f,250.0,389.0,2059.885180568807,50644707.08070263,3.858024691358025e-07,7116.509473098637,93.78212865999876,77266.1594,221620422694.2875
223f69054e18b048ca0f92bc85ef4f0f,249.0,385.0,5262.738930319734,63820346.56699451,7.716049382716049e-07,5289.238350720954,119.54769665455366,77266.1594,351920953452.99835
223f69054e18b048ca0f92bc85ef4f0f,233.0,394.0,10714.26425104314,9515031.972246714,3.858024691358025e-07,3084.644545526553,25.70110347738124,77266.1594,7828475728.035487
223f69054e18b048ca0f92bc85ef4f0f,249.0,385.0,5262.738930319734,63820346.56699451,7.716049382716049e-07,5289.238350720954,119.54769665455366,77266.1594,351920953452.99835
223f69054e18b048ca0f92bc85ef4f0f,252.0,401.0,979.592440240848,203618.09046010987,3.858024691358025e-07,451.2406126005392,0.593649049272422,77266.1594,4492396.888325694
223f69054e18b048ca0f92bc85ef4f0f,233.0,394.0,10490.666561263237,24990686.7673478,3.858024691358025e-07,4999.0685899823175,25.70110347738124,77266.1594,53969782872.79455
230c54d6ab08a514ba4c47499549f634,246.0,512.0,1736.7946235931852,62356.02159364024,3.858024691358025e-07,249.711877157736,1.0525259638677371,5835.491835,843751.0494210105
249667b87a4abee1cdb69acf3fac4f9a,331.0,141.0,697.7443170249929,85.69133552299255,3.858024691358025e-07,9.256961462758314,0.4228444743180302,4276.11361,25870.59820107993
265e95b6a60c19ce16c126736b37d214,622.0,569.0,5949.619583309365,866439.8624574015,3.858024691358025e-07,930.8275148798522,8.282363085839512,126781.9223,66733467.17689956
268ca2c8ac40365a7e96d0a52a6332ee,293.0,844.0,1465.1391882570306,18122.07231536833,3.858024691358025e-07,134.61824659149417,0.8878983241544705,37930.24055,305803.2720348579
269430b2a08a31ec3792aecd49dcbda3,587.0,502.0,13023519.473226024,872770261600.1488,3.858024691358025e-07,934221.7411300964,47691.12303488465,9262.90052,6.581329311357083e+19
26f3fc9b3506d60598a14656f0242a3c,320.0,685.0,726.8039688841465,233.8336351690176,3.858024691358025e-07,15.291619769305592,0.4404550989152355,1215.005479,37989.571223576924
2a8468bd4a7164486bb31a5d6a496b1d,555.0,313.0,983.2621657935188,974.7002512922576,3.858024691358025e-07,31.220189802309942,0.595872963039137,3553.702405,70263.72503150869
2b9b1f542bc287905b5dede02825a0f2,412.0,280.0,27013.369978964296,12064237.277290318,3.858024691358025e-07,3473.361092269319,43.78005711068736,255.976569,12582117126.111181
2baff100a38c3d9a03a86650bc3fb0e9,561.0,530.0,347.3384365216529,971.5341724699416,3.858024691358025e-07,31.169442928450643,0.2104927765284672,1756.6936,68992.7684903829
2bbab0ac5d43a874893de8094877c393,397.0,639.0,588.3930098538208,18.13938465696124,3.858024691358025e-07,4.25903564870749,0.356575792739232,2463.093781,15682.525923668974
2c0289de1083db8d517334595e8b676c,583.0,665.0,12997500.716426026,80965520857.11322,3.858024691358025e-07,284544.40928809904,4972.937324654578,2143.585468,5.663879056152454e+17
2ca5dc4bd10e9b7170e3897f9f315fb5,859.0,738.0,37279.88326381466,11795240740.08813,7.716049382716049e-07,56610.46417324925,1651.718256420205,12821.33363,1.202063374891e+16
2ca5dc4bd10e9b7170e3897f9f315fb5,859.0,738.0,37279.88326381466,11795240740.08813,7.716049382716049e-07,56610.46417324925,1651.718256420205,12821.33363,1.202063374891e+16
2ce45892216aafc274c0735c0b6486b6,689.0,784.0,38825.41045967322,9846783.617243243,3.858024691358025e-07,3137.958511077424,23.52883409602955,3939.983641,8383558140.20505
2d45a0947a07f667f8f408238dbf966b,219.0,863.0,36405.961953646685,55296715.522682935,3.858024691358025e-07,7436.176135802792,22.06260870597669,3923.803657,264202475142.4679
2ef0cf0630985e4f854ce283b587de7e,303.0,391.0,4793.559983183719,975565.7219537762,3.858024691358025e-07,987.7073058116844,2.9049757937671323,4190.269651,84214275.7353583
2f2cd85b567a6d4ec1641bb1f0ecb5a1,657.0,460.0,5091.232461450331,14717228074.204351,7.716049382716049e-07,68625.89149690802,2041.81960481736,23408.09894,1.8713963846317428e+16
2f2cd85b567a6d4ec1641bb1f0ecb5a1,657.0,460.0,3248.7867688526835,5872846603.820064,3.858024691358025e-07,76634.50008853756,2041.81960481736,23408.09894,2979964426122959.5
2f2cd85b567a6d4ec1641bb1f0ecb5a1,657.0,460.0,5091.232461450331,14717228074.204351,7.716049382716049e-07,68625.89149690802,2041.81960481736,23408.09894,1.8713963846317428e+16
2f55900ca7ce0fdad7ee2727cbb48c68,86.0,414.0,12794533.504839197,26523914704.03816,3.858024691358025e-07,162861.64282616752,2791.1176941760914,13396.88742,6.078395995176238e+16
3043c74026f2f7e5b034d3af32e12add,541.0,664.0,12977797.765788786,1419339429952.1887,3.858024691358025e-07,1191360.3275047347,18753.30656361425,2996.30512,1.740549096672119e+20
304e9c6358edb7c38fa549b5664c452f,421.0,156.0,486.32361237525,1682478.523280537,1.9290123456790124e-06,473.1329059002357,7.368001688565651,4041.110587,245528632.36567622
304e9c6358edb7c38fa549b5664c452f,421.0,156.0,486.32361237525,1682478.523280537,1.9290123456790124e-06,473.1329059002357,7.368001688565651,4041.110587,245528632.36567622
304e9c6358edb7c38fa549b5664c452f,421.0,156.0,486.32361237525,1682478.523280537,1.9290123456790124e-06,473.1329059002357,7.368001688565651,4041.110587,245528632.36567622
304e9c6358edb7c38fa549b5664c452f,421.0,156.0,486.32361237525,1682478.523280537,1.9290123456790124e-06,473.1329059002357,7.368001688565651,4041.110587,245528632.36567622
304e9c6358edb7c38fa549b5664c452f,421.0,156.0,486.32361237525,1682478.523280537,1.9290123456790124e-06,473.1329059002357,7.368001688565651,4041.110587,245528632.36567622
315f8e38e28026a0adda329e0744cd8a,335.0,104.0,5865.052663612282,2056283.345501568,3.858024691358025e-07,1433.9746669664592,3.554317892863099,6068.053088,368202920.14550275
31b4c894143bd1c88e053848beab7e0a,418.0,813.0,346.9964886189391,0.6106161259095404,3.858024691358025e-07,0.7814193022376273,0.210285550505271,3595.481706,8134.222713142031
320e3c0f3fc91e02d2797aa2138e5c71,307.0,151.0,59264.79184010573,907349669.8285536,3.858024691358025e-07,30122.245431384323,599.2167495589193,10692.6169,71131748033238.53
338dbafdc810c98703025138233751d4,248.0,791.0,1384.2753943591974,769048031.9338291,4.6296296296296296e-06,3462.0441143174503,166.3156784508363,38247.89794,51099980168616.64
338dbafdc810c98703025138233751d4,248.0,791.0,1384.2753943591974,769048031.9338291,4.6296296296296296e-06,3462.0441143174503,166.3156784508363,38247.89794,51099980168616.64
338dbafdc810c98703025138233751d4,248.0,791.0,1384.2753943591974,769048031.9338291,4.6296296296296296e-06,3462.0441143174503,166.3156784508363,38247.89794,51099980168616.64
338dbafdc810c98703025138233751d4,248.0,791.0,1384.2753943591974,769048031.9338291,4.6296296296296296e-06,3462.0441143174503,166.3156784508363,38247.89794,51099980168616.64
338dbafdc810c98703025138233751d4,248.0,791.0,1384.2753943591974,769048031.9338291,4.6296296296296296e-06,3462.0441143174503,166.3156784508363,38247.89794,51099980168616.64
338dbafdc810c98703025138233751d4,248.0,791.0,1384.2753943591974,769048031.9338291,4.6296296296296296e-06,3462.0441143174503,166.3156784508363,38247.89794,51099980168616.64
338dbafdc810c98703025138233751d4,248.0,791.0,1384.2753943591974,769048031.9338291,4.6296296296296296e-06,3462.0441143174503,166.3156784508363,38247.89794,51099980168616.64
338dbafdc810c98703025138233751d4,248.0,791.0,1384.2753943591974,769048031.9338291,4.6296296296296296e-06,3462.0441143174503,166.3156784508363,38247.89794,51099980168616.64
338dbafdc810c98703025138233751d4,248.0,791.0,1384.2753943591974,769048031.9338291,4.6296296296296296e-06,3462.0441143174503,166.3156784508363,38247.89794,51099980168616.64
338dbafdc810c98703025138233751d4,248.0,791.0,1384.2753943591974,769048031.9338291,4.6296296296296296e-06,3462.0441143174503,166.3156784508363,38247.89794,51099980168616.64
338dbafdc810c98703025138233751d4,248.0,791.0,1384.2753943591974,769048031.9338291,4.6296296296296296e-06,3462.0441143174503,166.3156784508363,38247.89794,51099980168616.64
338dbafdc810c98703025138233751d4,248.0,791.0,1384.2753943591974,769048031.9338291,4.6296296296296296e-06,3462.0441143174503,166.3156784508363,38247.89794,51099980168616.64
339bfd4a6722ce25ac2c5c9e21e46f37,250.0,745.0,18622.12199396809,1600201.3104858794,3.858024691358025e-07,1264.9906365210295,11.285310667098962,6418.343387,223780688.1962677
33acfa3f671ac635306ba5b23e6758e8,159.0,765.0,2421.22203290035,229544.9608428476,3.858024691358025e-07,479.1085063353056,1.467300174013624,28131.57715,5519465.385688005
346641e7393bdc867aed9e60adba355d,277.0,664.0,1766.1371236076511,13420.960442636975,3.858024691358025e-07,115.84886897435372,1.0703079990422018,3033.234233,255659.34049088496
369e69cdbbc45b3bcd5a20328679953b,360.0,747.0,484.3161532913834,5.089806315419439,3.858024691358025e-07,2.2560599095368543,0.2935035144770215,2080.680046,11457.876240485755
36f2a02a70c6ede842f611e7cada413e,259.0,285.0,3266.058989032938,67028.45880207655,3.858024691358025e-07,258.8985492467591,1.9792851946587504,2259.310662,915065.7638415189
374e367e92f1ec0c1fa147701c457f88,589.0,660.0,666.7278385905587,978.892041737872,3.858024691358025e-07,31.28725046625018,0.4040479808393961,3499.298034,69962.19288948365
37c21801ddd9cb20a2c7794db8a38d2a,764.0,806.0,2035.8800934015003,3671792.857593011,3.858024691358025e-07,1916.192280955388,18.527539395878485,1886.373633,1168691168.12912
3840c5660ad094a6a3bc02072fdb9264,149.0,328.0,1074.259793431994,1043.2443633984915,3.858024691358025e-07,32.29929354333453,0.6510190142502886,1362.704762,72533.10985951844
39cc173078a7128b6e1cf16b09385653,12.0,413.0,4875.148039502002,201400.24824828925,3.858024691358025e-07,448.77639002992265,2.9544194914544537,2609.52087,4411654.22078333
3a66c6b4ccfc9a37b80fc2354d328b87,378.0,588.0,784.3272011096275,1519.5607596703037,3.858024691358025e-07,38.98154383384916,0.4753151189656503,6355.366112,85650.19605842853
3a66c6b4ccfc9a37b80fc2354d328b87,381.0,586.0,883.5095880343092,18331.03581801849,3.858024691358025e-07,135.39215567387384,0.5354212684942576,6355.366112,307438.38446710777
3a95d0bb0b277869bb66a559a0710417,408.0,625.0,9172.1656179513,17646554.98393064,3.858024691358025e-07,4200.780282748747,31.241848853302308,6628.003955,26913449812.25474
3aa7766415f188739bf4d116ca19645b,559.0,570.0,1085.6939234236838,3551.440832124048,3.858024691358025e-07,59.593966407045336,0.6579482841437675,2563.004781,128130.15699689757
3dee5a7f0e4c62b647b4e4e8f4cadb46,285.0,526.0,9373.78253021384,31973279503.284435,3.858024691358025e-07,178810.7365436551,4179.488399411277,12835.81145,8.832590838729259e+16
3dee5a7f0e4c62b647b4e4e8f4cadb46,284.0,526.0,1479.5708943086247,30620506804.62783,3.858024691358025e-07,174987.1618280262,2136.0828416361387,12835.81145,8.100997410438571e+16
3dee5a7f0e4c62b647b4e4e8f4cadb46,284.0,528.0,1956.191277454028,4509082064.254139,7.716049382716049e-07,47393.2651786016,928.2350647645864,12835.81145,1756669434567255.8
3dee5a7f0e4c62b647b4e4e8f4cadb46,259.0,514.0,27703.04422979441,50360507142.37971,3.858024691358025e-07,224411.46838426,7095.002693923985,12835.81145,2.1912601116952976e+17
3dee5a7f0e4c62b647b4e4e8f4cadb46,280.0,526.0,3092.653103197727,3344592733699.7065,3.858024691358025e-07,1828822.772632632,68969.44611793518,12835.81145,9.664963678966358e+20
3dee5a7f0e4c62b647b4e4e8f4cadb46,284.0,528.0,1956.191277454028,4509082064.254139,7.716049382716049e-07,47393.2651786016,928.2350647645864,12835.81145,1756669434567255.8
3dee5a7f0e4c62b647b4e4e8f4cadb46,280.0,526.0,1956.191277454028,1338145877597.9563,3.858024691358025e-07,1156782.5541552554,68969.44611793518,12835.81145,1.5471081127519332e+20
3dee5a7f0e4c62b647b4e4e8f4cadb46,287.0,521.0,3341.461221952801,15251540415.86519,3.858024691358025e-07,123497.12715632372,1278.0091301706184,12835.81145,2.0097459755908244e+16
3f4f9f632888fd790586f0580c803798,275.0,361.0,9190.897457790026,760437.8947105863,3.858024691358025e-07,872.0309023828148,5.56983426371487,1158.87935,51716477.72022912
3f5104b6aa1fce329e0be05159ba5ad6,340.0,686.0,694.3025966312462,1073859.3449030395,3.858024691358025e-07,1036.2718489388003,1.7920852141334698,68126.82401,101714124.0250847
3fb0e999c01e46da50dead504c027b74,528.0,216.0,259047.54268042592,511610122.67906696,3.858024691358025e-07,22618.80020423424,317.61335262650186,32545.16303,22614806134637.188
409c3b7fa41bdf213d4b262a29f78423,351.0,695.0,750.614932954029,92.73971187741628,3.858024691358025e-07,9.630145994605495,0.4548849328136461,3487.459646,26699.046374079328
410eb90796be92148b3cb6cacb3a475f,540.0,324.0,4283.031829681389,421078833.47829634,3.858024691358025e-07,20520.2054930816,105.31550453665432,9147.401847,15319399027703.027
411293e8b36159b369aba0ed99eb6b43,415.0,237.0,16258.437394100549,69904841.74781169,3.858024691358025e-07,8360.911538092703,93.18106517949268,0.0,422226480856.72107
414f44b1e676c25bff3be33461836678,450.0,737.0,1633.6672071554144,101575.385347669,3.858024691358025e-07,318.7089351550549,0.9900290615402024,16020.53932,1537167.5553432931
419138a67136cdc9794e9da2e2a1a910,721.0,590.0,8581.51426592545,14516029.209745396,3.858024691358025e-07,3809.9907099290144,29.794366066464907,22915.60497,18213415144.926968
41a7ad1abb2cb4b51198da0c558c4a72,482.0,305.0,11699.609477937,4480140.355667645,3.858024691358025e-07,2116.63420450196,7.0901548027898045,27727.09562,1738435010.4912794
41a7ad1abb2cb4b51198da0c558c4a72,474.0,313.0,2713.003488104817,963628.3850434574,3.858024691358025e-07,981.6457533364352,1.644124510592527,27727.09562,82201457.84255151
41dd1fd0157e1cdd609b7324e9cb2ca2,590.0,639.0,2010.7530147533105,50672643084.3106,3.858024691358025e-07,225105.84862306577,4165.0100795008575,13591.64445,2.2185072826797434e+17
41e194c926bb1aebda0e322aeca4a438,440.0,186.0,387.1270177417094,2.473657691572217,3.858024691358025e-07,1.5727866007733589,0.2346053078547156,12169.70824,9840.619594587057
4494393479d27e5e0f27bbf3ebff52dd,338.0,730.0,12872356.76464407,2.6877443346886176e+16,3.858024691358025e-07,163943415.07631886,7769852.113159273,2159.92256,6.241509741874256e+28
4494393479d27e5e0f27bbf3ebff52dd,247.0,895.0,20856.41724191112,51540399.91545003,3.858024691358025e-07,7179.164290880243,106.20387489109532,2159.92256,229528437446.19058
4494393479d27e5e0f27bbf3ebff52dd,345.0,730.0,12875851.811647013,4845194473076.098,3.858024691358025e-07,2201180.2454765257,47626.343661526174,2159.92256,2.0283185792429096e+21
4494393479d27e5e0f27bbf3ebff52dd,340.0,729.0,12873247.572079264,5813400407061.555,3.858024691358025e-07,2411099.418742735,81772.80759693088,2159.92256,2.9199419389047687e+21
4494393479d27e5e0f27bbf3ebff52dd,338.0,729.0,12872511.72097837,16798806529705.217,3.858024691358025e-07,4098634.715329632,78863.92730333483,2159.92256,2.4382071431069312e+22
451fce957523ad6db1c835392091a0c5,316.0,70.0,541.2454538042558,55.269107014755264,3.858024691358025e-07,7.43431953945721,0.3280036021978588,74086.22583,21945.705271316452
4578c57bf0fed56f6b24ea69321d568a,200.0,536.0,1885.7178499449344,2101631.8283203947,7.716049382716049e-07,771.4611954995065,13.34829064242233,2884.982592,383167782.94190305
4578c57bf0fed56f6b24ea69321d568a,200.0,536.0,1885.7178499449344,2101631.8283203947,7.716049382716049e-07,771.4611954995065,13.34829064242233,2884.982592,383167782.94190305
4578c57bf0fed56f6b24ea69321d568a,200.0,567.0,19001.210709427745,1755716.8191181046,3.858024691358025e-07,1325.0346482707932,11.515044635004994,2884.982592,268992726.55307907
4580776beca13befaf6b1091185be24b,308.0,267.0,1598.9078633581255,2698.2685309049293,3.858024691358025e-07,51.94486048595115,0.968964330257956,7270.731655,112806.45265193979
4580776beca13befaf6b1091185be24b,306.0,273.0,1781.8086547890598,2714.2224523833474,3.858024691358025e-07,52.09820008775109,1.0798052032845025,7270.731655,113242.24423313174
468b2089cae5d17a017361515479ce10,286.0,811.0,968.1900348352772,10236.871982931254,3.858024691358025e-07,101.17742822849004,0.5867390050056994,1337.305565,219132.7389089602
49a5bf8c07e33963b9d19eacbd7cf34c,231.0,381.0,26134.315828884937,1878045899.23028,3.858024691358025e-07,43336.426931973525,764.6248230039549,8274.910386,304737759611073.75
4af82437e82067fcb03106938b40d95c,210.0,234.0,11891.359310242076,1039227.5889075564,3.858024691358025e-07,1019.4251266805014,7.206358337654169,86511.54651,95360878.47958519
4bb012a7a22a7d84d5de243f9a4d008c,564.0,391.0,973.6877802309392,4786.20112666332,3.858024691358025e-07,69.18237583852783,0.5900707286857898,51177.64594,148078.36481157332
4bb012a7a22a7d84d5de243f9a4d008c,572.0,386.0,672.8480360837992,253.94693422463604,3.858024691358025e-07,15.93571254210605,0.4077569206781851,51177.64594,39196.280592541465
4cbb2dc846e0025dc73448db2416d53c,81.0,143.0,4144.529119182711,2489938.928501747,3.858024691358025e-07,1577.9540324425636,9.97679066570194,1185.147398,538827628.0013704
4e01b2b1d5af1b0e3540e63475f5d3c7,250.0,873.0,11632.98840245505,956638.835097892,3.858024691358025e-07,978.0791558447056,7.049781338091132,2223.745657,81036313.75095852
4f9fdd4f44e9f96019b93204dbd87c8b,331.0,257.0,778.3644865123578,7096.395562566586,3.858024691358025e-07,84.24010661535624,0.4717016163413853,8974.236893,180310.47603365485
507646b9caec9dc5279888ec1a142051,342.0,666.0,6678.535629859709,13283389938.413176,7.716049382716049e-07,67809.2657174742,1197.764393930019,1708.141876,1.524514606494133e+16
507646b9caec9dc5279888ec1a142051,342.0,666.0,6880.34024582122,9026937888.840303,7.716049382716049e-07,66205.53222226194,1197.764393930019,1708.141876,7040356633292917.0
507646b9caec9dc5279888ec1a142051,342.0,666.0,6880.34024582122,9026937888.840303,7.716049382716049e-07,66205.53222226194,1197.764393930019,1708.141876,7040356633292917.0
507646b9caec9dc5279888ec1a142051,342.0,666.0,6678.535629859709,13283389938.413176,7.716049382716049e-07,67809.2657174742,1197.764393930019,1708.141876,1.524514606494133e+16
508f6fced3a9b508f112745873f265f9,424.0,201.0,1302.5438671150134,15082.963069035426,3.858024691358025e-07,122.81271542082044,0.7893628988421976,4818.334565,273338.2793254681
518eb4eeab6298ef9981422a455aab2b,234.0,597.0,578.9293339843754,6.029806878817021,3.858024691358025e-07,2.4555665087341905,0.3508406502757905,1382.206115,12057.256631153665
524d182396e75adbd74fdda82162c8af,549.0,701.0,50041.70878125217,1212939341.853923,3.858024691358025e-07,34827.27870296391,378.8007338734268,1676.495999,127113637248983.62
53540841257f4595c10232969e8cbddc,736.0,634.0,1929.711820332823,727840.2324968138,3.858024691358025e-07,853.1355299697778,6.504255756169755,0.0,47485290.641755834
539ed4969fd21c377cf0e3806cfe7060,299.0,338.0,564.4747160224822,250.0896218059912,3.858024691358025e-07,15.814222137240616,0.342080915225626,4011.384981,38751.79586004806
5841ce18998dd901dcafca6f70dc58a8,43.0,407.0,870.2405133237115,5571.1959063631,3.858024691358025e-07,74.64044417313646,0.5273799920846811,7171.958668,159567.0157855667
591ee71a8823af6dc02b621f17ef69ee,318.0,679.0,8044.173519763309,1371046136.938523,3.858024691358025e-07,37027.64017512489,735.4642219201434,15017.64772,162411986896037.06
59c2da59baa807a0363efde2052b1d8f,387.0,809.0,1018.840249832713,139533509.93713638,3.858024691358025e-07,11812.430314593876,108.00838515784392,8701.627502,1682197106802.8267
5ae4c0e4bb1374c41e700dead54164ff,564.0,494.0,102938.3701023868,391157639.58527255,3.858024691358025e-07,19777.70561984561,62.38233681248218,3831.00466,13219611002488.2
5ae6723e0e4f6236343d4b8378596779,221.0,191.0,503.4280355778542,18.128448895981013,3.858024691358025e-07,4.25775162450571,0.3050856279066484,80746.81097,15511.553644936932
5af4a49cb3ad4eeb6186f8633a4505f2,323.0,802.0,95.5864306748733,0.0929485804476934,7.716049382716049e-07,0.215227859130695,0.2317080651228644,4099.707094,5553.759808497423
5af4a49cb3ad4eeb6186f8633a4505f2,323.0,802.0,95.5864306748733,0.0929485804476934,7.716049382716049e-07,0.215227859130695,0.2317080651228644,4099.707094,5553.759808497423
5cf791177201bdeca2290abdec14ed51,523.0,615.0,33949.32285018639,374899452.8281145,3.858024691358025e-07,19362.320440177475,63.52055523636835,67427.14051,12143524153108.572
5cf791177201bdeca2290abdec14ed51,391.0,102.0,125584.65609030954,29631451076296.76,3.858024691358025e-07,5443477.847506753,139243.5190299641,67427.14051,7.586117794544497e+22
5cf791177201bdeca2290abdec14ed51,497.0,625.0,16523.048152445856,969626382.0930448,3.858024691358025e-07,31138.82435309729,192.38758003003824,67427.14051,81231210010077.95
5df8fa301a65f5599b6c9bac69e7cea5,565.0,506.0,79122.34228110703,2077533026.1952567,3.858024691358025e-07,45579.96299027959,472.86945604907584,35615.46749,372914887406725.1
5f010b1a90abe4b0a3186a71b9a37e63,693.0,645.0,2129.094896787418,232863.25723089968,3.858024691358025e-07,482.55907123470354,3.761008623699773,2907.197466,5658792.729895324
5f278816dd968212209984c052656bf9,347.0,578.0,2337.08910491498,549969.9775067443,3.858024691358025e-07,741.5996072725122,1.4163142428548374,2171.804388,27625059.54766035
610c1b5cce263dc2daf4b5e71bb2a821,385.0,674.0,4901.076342266114,100148517.0642784,1.1574074074074074e-06,5230.689666827816,143.35117349213732,9067.245911,866578751548.3455
610c1b5cce263dc2daf4b5e71bb2a821,385.0,674.0,4901.076342266114,100148517.0642784,1.1574074074074074e-06,5230.689666827816,143.35117349213732,9067.245911,866578751548.3455
610c1b5cce263dc2daf4b5e71bb2a821,385.0,674.0,4901.076342266114,100148517.0642784,1.1574074074074074e-06,5230.689666827816,143.35117349213732,9067.245911,866578751548.3455
6218dfb78abd6384875326aec172ebbc,219.0,441.0,12855056.629372124,100148464899.25864,3.858024691358025e-07,316462.4225706089,10848.065288807242,3208.277373,8.665673785059255e+17
6218dfb78abd6384875326aec172ebbc,188.0,473.0,12836096.954988174,1342471723389.05,3.858024691358025e-07,1158650.8203031016,33892.80455695844,3208.277373,1.5571270035008527e+20
646bff9650431b1c74356967c3cff1d5,432.0,655.0,1155.3690952874824,7562.329849160317,3.858024691358025e-07,86.96165735058364,0.700172578573038,3818.025609,186786.88603951284
649f2a169d3207662314d8ffd80a606d,527.0,383.0,61496.43767905551,118877959.2173309,3.858024691358025e-07,10903.116949631005,128.61493947987614,3238.907471,1221023956435.8567
64d68140bcc2171bcba94af3f4651f35,499.0,809.0,7812.981746143772,45007020637.80319,7.716049382716049e-07,149187.45425533477,7470.453176094381,3518.23698,1.750145970365429e+17
64d68140bcc2171bcba94af3f4651f35,499.0,809.0,7812.981746143772,45007020637.80319,7.716049382716049e-07,149187.45425533477,7470.453176094381,3518.23698,1.750145970365429e+17
64d68140bcc2171bcba94af3f4651f35,480.0,802.0,9970.11137797029,11068847477.589691,3.858024691358025e-07,105208.5903222246,3515.9844465077504,3518.23698,1.0585675029684736e+16
6588c7ab0939c0124797520102f0830a,200.0,448.0,1944.745312005144,3260200270.2768607,3.858024691358025e-07,57098.16345800328,648.527039445542,36133.88124,918337575524707.6
69a06b5de7d5492a5ed67f5fde24aed1,280.0,649.0,3129.9066443248803,51644476.33528192,7.716049382716049e-07,4294.317657153825,53.1112875170898,14316.6273,230450524943.73068
69a06b5de7d5492a5ed67f5fde24aed1,280.0,649.0,3129.9066443248803,51644476.33528192,7.716049382716049e-07,4294.317657153825,53.1112875170898,14316.6273,230450524943.73068
6abd71b709e73accd0c9a8005bc5da63,563.0,585.0,6705.853893941438,15961359.241056472,3.858024691358025e-07,3995.1669853782673,46.90925864489762,23064.29905,22019695267.53143
6b13891f5370265896580d5956736be8,254.0,608.0,26257.487405666056,58083431.81901115,3.858024691358025e-07,7621.248704707855,52.78808264797522,17119.11287,291501642411.25433
6ba3ae1991ee687639035252ffc1745e,677.0,596.0,401.660789612255,11.313634794935629,3.858024691358025e-07,3.3635747048245603,0.2434130114635916,5465.188415,13463.02268288195
6ba93da022d2415cea49ac2efd3cc7c2,427.0,799.0,726.194226301149,4.61575630520224,3.858024691358025e-07,2.1484311264739766,0.4400855849215209,2858.320605,11697.670878036784
6c6b5ead1c0218d0bce75e6b1a1582fc,553.0,334.0,16774.625034603887,170561955.2073145,3.858024691358025e-07,13059.9370292247,57.40628449764101,9757.179339,2513521411543.9556
6d24abcceb8d240cdedf60418d543bff,324.0,493.0,1375.171281910839,6828.03963177236,3.858024691358025e-07,82.63195284980478,0.8333763008413605,4047.089581,177410.1480535101
6d2cb85a96cf041b653939ab24797b46,532.0,804.0,1297.687691685789,21514818.37002756,3.858024691358025e-07,4638.406878447336,60.087603335711634,308.2359875,40002757046.77718
6d39b72d4df72517c2d66cf06eead339,508.0,379.0,591.3303773788709,52.623699936900906,3.858024691358025e-07,7.254219457453773,0.3583558855126947,3951.492493,21678.826247428617
6f163d986af77b458fc3f8f5e86d3e68,296.0,691.0,484.5127388379981,110.91668479584597,3.858024691358025e-07,10.531699046015603,0.2936226485070391,3384.676142,28010.78369549814
6ffb0c517db73cd6699c5229e5c4e8bc,340.0,652.0,6738.710121023539,1247526.2078662696,3.858024691358025e-07,1116.9271273750448,10.484215573893636,8425.461163,136709947.45123217
7195558a88a702eb692caa404da6d1ff,548.0,654.0,3018.061433052983,92696080.67178814,3.858024691358025e-07,9627.880383126296,159.59270501067817,8883.867898,742416740095.2316
731a9f022fbbe19700e8ebfa31587e6f,403.0,654.0,347.1902934775645,6.1720490871020655,3.858024691358025e-07,2.4843609011377685,0.2104029994461855,2299.394538,11540.624343904416
736fe86e7e79981d706437dfdff57857,105.0,559.0,121503.38225022228,1358588994.0050273,3.858024691358025e-07,36859.04222853637,150.18749134624798,17111.12454,159474088051406.72
750d7893654f62e1b2adaf388b3551a2,401.0,98.0,268522.9369399103,5407960399.404671,3.858024691358025e-07,73538.83599435519,1506.5273096721392,6384.784573,2526857629975831.5
75afc9825b41fba713fd0f020ef3e62b,515.0,438.0,512.2045887923947,1.3411425359351248,3.858024691358025e-07,1.1580770854891849,0.3104043627694911,6006.409237,9325.131426001766
7600e7a532dff17523978815f65c2e01,414.0,641.0,444.779706529097,2.3793601499821926,3.858024691358025e-07,1.5425174715322327,0.269543780723219,1983.016566,9935.13083026999
775093c4903d9aa41c243e84a19eef31,331.0,692.0,4035.012182994703,1198430.4632272862,3.858024691358025e-07,1094.7284883601442,2.445283413734321,820.8813127,126289537.5325601
778cfa05c49664454629316323e67580,225.0,802.0,1975.971452987268,2357844.143964089,3.858024691358025e-07,1535.5273178827165,10.338049503251408,27095.03598,483414248.08177364
77c70da6f4be2f1dc85c9cb6cceb6224,12.0,431.0,48335.82337207082,8206041.181189224,3.858024691358025e-07,2864.618854435826,29.29229995235748,107085.6304,5823840628.179945
7865a3bbec6fc17ec042a24f5c525e79,409.0,646.0,2352.891382352416,2251616796.9255176,3.858024691358025e-07,47451.20437802941,597.296747776318,11085.08053,438028931408162.44
7865a3bbec6fc17ec042a24f5c525e79,401.0,634.0,7264.139445099358,31747707.517266072,3.858024691358025e-07,5634.51040617249,18.89535009532794,11085.08053,87095301985.73509
789a391de7e0b92ba349bab1a80b7dd9,305.0,343.0,1121.5231321876374,29594.347181984213,3.858024691358025e-07,172.0300763877765,0.6796613711237877,5311.156835,427620.6560895282
789a391de7e0b92ba349bab1a80b7dd9,316.0,348.0,5786.976531731472,1847514.854017522,3.858024691358025e-07,1359.233186034509,11.952562531574044,5311.156835,297638280.78044677
7901c448656a9380e0a5a969a3bd8fd0,290.0,765.0,527.8663758311053,5.160929744953796,3.858024691358025e-07,2.2717679777991844,0.3198956619883366,1084.087687,11585.919776888979
79a95957bdde8167bddec6daddf4d327,345.0,692.0,626.2387123351809,4.582746647047942,3.858024691358025e-07,2.1407350716629887,0.3795109077184982,5927.444667,11516.213853674168
79fe08ece27f490528927776ae4fc6d7,340.0,730.0,12873366.001176234,1240989321081.848,7.716049382716049e-07,675459.8980895535,22043.464598030507,22655.34661,1.330607083727366e+20
79fe08ece27f490528927776ae4fc6d7,340.0,730.0,12873366.001176234,1240989321081.848,7.716049382716049e-07,675459.8980895535,22043.464598030507,22655.34661,1.330607083727366e+20
7a8dc7096169bc3500aa1ffc979a53e8,766.0,807.0,2557.48331282455,144385.2472480395,3.858024691358025e-07,379.9805879884386,1.54987673953727,3473.494115,2569965.5088458634
7cd356198b1fe3a7e1788828191ed4ba,-3.0,400.0,36902.51592417651,291147456.067072,3.858024691358025e-07,17063.043575724467,118.07461278292432,16411.52173,7323889215363.208
7d2c882a22dd112559c456864ac0f947,434.0,668.0,444.362174779496,2.0469374334508856,3.858024691358025e-07,1.4307122119597937,0.269290749680334,4584.822456,9710.690093947687
7fe47095ffea76d91194cd6468fa4ecd,456.0,641.0,1238.1727892543086,1536210.4019965434,3.858024691358025e-07,1239.439551570202,2.506989194020913,4783.414857,206385902.67822427
7fe47095ffea76d91194cd6468fa4ecd,456.0,641.0,830.2416071887748,143952.79603665284,3.858024691358025e-07,379.41111743945095,2.506989194020913,4783.414857,2556789.610478095
7ffd5fab17593665076f4a9b2bec7c18,530.0,240.0,737.2615340293087,9.205580014998269,3.858024691358025e-07,3.034069876419834,0.4467925544983471,2425.872576,13485.905101921599
80092f87b508e6c8d18f461e096c615e,549.0,715.0,769.7245423826703,727353.5896336497,3.858024691358025e-07,852.8502738661984,1.3982174708793904,8854.432631,47422503.57199475
813989f51c4ab573b61bd9f7bfc98bff,419.0,682.0,480.58318701432063,537.4311938025679,3.858024691358025e-07,23.1825622786302,0.291241275811206,49911.02663,53331.27556082666
822e6b9a0d03ceaad6c7bfb84259722e,284.0,520.0,12875935.65510481,139756377069.07492,3.858024691358025e-07,373840.04208895937,6792.094630672911,19877.3148,1.6875514028270047e+18
83fcca39d24599cd5e3dc12bef9ccd46,112.0,115.0,601.4037480439391,39.09391642006621,3.858024691358025e-07,6.252512808468785,0.3644605129416669,2039.901772,19694.113248404115
83fcca39d24599cd5e3dc12bef9ccd46,113.0,115.0,12845409.949383495,26134929168.392166,3.858024691358025e-07,161663.01113239283,4386.069369826956,2039.901772,5.901418307917046e+16
84a175c0c5d402de752787b77e281c12,84.0,418.0,7890.425856060252,3063869.7388069145,3.858024691358025e-07,1750.391310195213,4.78172719137419,2700.41045,814573390.7847873
853e178cf49a7a01f9cafb5186980f24,186.0,627.0,1641.7937148496487,1445344.7858731796,3.858024691358025e-07,1202.2249314804528,4.293967325160248,11965.73393,182904229.6057411
8565cf06ca471945de679a537a047aa4,168.0,289.0,2350.012592208198,28895.92575929796,3.858024691358025e-07,169.9880165167473,1.4241460874628542,10398.96399,420838.3297505092
85cd207329b745b17e99f6fd767e9a23,302.0,515.0,4950.030555042314,4227934.357755752,3.858024691358025e-07,2056.194143984403,10.337801973505508,2056.339556,1548559004.6722949
87a8c2b503505428bc3711fb710ac328,702.0,647.0,676.3159497199126,2.621137016397143,3.858024691358025e-07,1.6189925930643236,0.4098585330703537,2287.871965,10558.819554847842
87a8c2b503505428bc3711fb710ac328,677.0,653.0,10741.030468442352,719963.1049694967,3.858024691358025e-07,848.5063965401184,6.509240236092234,2287.871965,46492609.24676037
88865145f284d9ac2ee1fab661009171,586.0,649.0,14778.205663383314,2031161044.6327653,3.858024691358025e-07,45068.40406130181,271.9116421031485,5021.433999,356453242497382.2
8a3c44aacfe915a3e2ed34edc3a79f33,533.0,322.0,1121.8639841604538,2964.130483036343,3.858024691358025e-07,54.44382869560464,0.6798679330136501,9005.277945,117536.62431851508
8e8c991f21f94cc0df6fda0d8cde5cf7,383.0,446.0,23409.78278391122,3129701.9294915847,3.858024691358025e-07,1769.0963595834978,14.186711453370927,32931.73966,849840449.1698079
8e8c991f21f94cc0df6fda0d8cde5cf7,372.0,438.0,8184.274230094077,774628698.8717333,3.858024691358025e-07,27832.1522500818,138.7724241023407,32931.73966,51844342938826.195
8ed5d032f33bcd68ba8cc5d749bc1e79,272.0,651.0,14036.953429171695,5133347.042064613,3.858024691358025e-07,2265.689087687146,8.506623485885045,2271.104883,2281290265.6447663
8fbbe186bd3f0ce929bf4babdbb0a5b8,412.0,139.0,1336.387078846463,9265475.712386595,3.858024691358025e-07,3043.924393342679,16.015321045520118,6266.159986,7423453006.213804
9099a097b77e44893a5590f0041cc657,232.0,263.0,27131.94802334686,143140469.99174356,3.858024691358025e-07,11964.13264686344,39.39491715968454,10929.15049,1770290314246.617
937e2b1b54398681ce0d3005b87bb6d9,407.0,127.0,885.5261937872466,1642.8028901247142,3.858024691358025e-07,40.53150490821571,0.536643364609743,709.1435139,88919.61038644607
938c2651dde43089c15efb190476f4b4,387.0,241.0,2794.4054496541994,35685.078638573075,3.858024691358025e-07,188.90494604052344,1.6934554316645027,30218.75894,496750.5449365338
94540046df2aff3e217cba648e37190c,269.0,292.0,6757.893072910575,1216821077.0399349,1.5432098765432098e-06,13417.52565108919,161.1120821675915,6263.100825,127928492141831.27
94540046df2aff3e217cba648e37190c,268.0,289.0,3369.647865592752,1186965327.4624386,3.858024691358025e-06,9374.437201204524,409.83463713227314,6263.100825,121727828652867.75
94540046df2aff3e217cba648e37190c,260.0,270.0,2947.1043473111854,1369846.685125294,3.858024691358025e-07,1170.4044963709316,1.7859934620830404,6263.100825,164477650.30901405
94540046df2aff3e217cba648e37190c,268.0,289.0,3369.647865592752,1186965327.4624386,3.858024691358025e-06,9374.437201204524,409.83463713227314,6263.100825,121727828652867.75
94540046df2aff3e217cba648e37190c,267.0,278.0,8467.674067750535,13458179.762753382,3.858024691358025e-07,3668.539186481914,21.05541528609853,6263.100825,15656340096.567528
94540046df2aff3e217cba648e37190c,269.0,292.0,6757.893072910575,1216821077.0399349,1.5432098765432098e-06,13417.52565108919,161.1120821675915,6263.100825,127928492141831.27
94540046df2aff3e217cba648e37190c,268.0,289.0,3369.647865592752,1186965327.4624386,3.858024691358025e-06,9374.437201204524,409.83463713227314,6263.100825,121727828652867.75
94540046df2aff3e217cba648e37190c,268.0,289.0,3369.647865592752,1186965327.4624386,3.858024691358025e-06,9374.437201204524,409.83463713227314,6263.100825,121727828652867.75
94540046df2aff3e217cba648e37190c,269.0,292.0,6757.893072910575,1216821077.0399349,1.5432098765432098e-06,13417.52565108919,161.1120821675915,6263.100825,127928492141831.27
94540046df2aff3e217cba648e37190c,268.0,289.0,3369.647865592752,1186965327.4624386,3.858024691358025e-06,9374.437201204524,409.83463713227314,6263.100825,121727828652867.75
94540046df2aff3e217cba648e37190c,268.0,289.0,3369.647865592752,1186965327.4624386,3.858024691358025e-06,9374.437201204524,409.83463713227314,6263.100825,121727828652867.75
94540046df2aff3e217cba648e37190c,276.0,292.0,3045.7488192679657,1896156187.475484,3.858024691358025e-07,43544.87555930644,855.0932773027716,6263.100825,310643363121617.5
94540046df2aff3e217cba648e37190c,268.0,289.0,3369.647865592752,1186965327.4624386,3.858024691358025e-06,9374.437201204524,409.83463713227314,6263.100825,121727828652867.75
94540046df2aff3e217cba648e37190c,269.0,292.0,6757.893072910575,1216821077.0399349,1.5432098765432098e-06,13417.52565108919,161.1120821675915,6263.100825,127928492141831.27
94540046df2aff3e217cba648e37190c,268.0,289.0,3369.647865592752,1186965327.4624386,3.858024691358025e-06,9374.437201204524,409.83463713227314,6263.100825,121727828652867.75
94540046df2aff3e217cba648e37190c,268.0,289.0,3369.647865592752,1186965327.4624386,3.858024691358025e-06,9374.437201204524,409.83463713227314,6263.100825,121727828652867.75
94540046df2aff3e217cba648e37190c,268.0,289.0,3369.647865592752,1186965327.4624386,3.858024691358025e-06,9374.437201204524,409.83463713227314,6263.100825,121727828652867.75
94ac87ae8d55988a0f910b01102b1cc0,420.0,642.0,868.4455050689902,18743.629433640872,3.858024691358025e-07,136.90737538073276,0.5262921877411231,3563.646879,311770.9076056998
951d77533a50836eb4c42277e070a153,629.0,558.0,26078.47410217919,4845608929.183815,3.858024691358025e-07,69610.40819578503,1795.6918637583458,2602.993156,2028665736524462.8
96b7f3f14a1dd352ac2ab394200a4a43,314.0,396.0,5807.065680510031,1510386.6864213625,3.858024691358025e-07,1228.977903146091,8.397757426915952,8311.121047,199569242.46542144
9783ff7326498ecd6334c30a4388ede6,828.0,802.0,768.9685113617771,82.37489956845755,3.858024691358025e-07,9.076061897566452,0.4660075016706316,3943.614615,25617.894185115478
97c699d161b2931c4a339aadc04ba2d0,86.0,308.0,7428.905885720216,417646.5874541244,3.858024691358025e-07,646.2558219885716,4.502038537024429,8948.19765,16373162.034108179
97c699d161b2931c4a339aadc04ba2d0,94.0,304.0,4790.823734486047,444651.3083066683,3.858024691358025e-07,666.8217965143823,2.903317582095867,8948.19765,18425721.508751243
97e72ea774b026a90f3b3c5e8df119b5,346.0,439.0,2072.598571725028,27359.211148303104,3.858024691358025e-07,165.40620045301537,1.2560286516094117,16720.40379,404065.0351516956
9802619606b24c3702c4619a4c871a23,466.0,828.0,477.3361769555306,6.141595888889657,3.858024691358025e-07,2.4782243419209764,0.2892735346156079,4747.112779,11886.13113865767
98546d571ba65d241951fba6556303ad,436.0,657.0,530.0397097310968,12.784489413504602,3.858024691358025e-07,3.575540436564045,0.3212127378971942,9817.625734,14198.846042741887
9879dfb58c82fa674b0a79638dafc36c,453.0,739.0,3717.035856165554,155501.44018010114,3.858024691358025e-07,394.33670914600526,2.2525845560582174,4005.802053,2887120.655804514
99b9a81c8ca1e4191ecb99ea1925269d,265.0,282.0,808.450069472214,92.72277567416263,3.858024691358025e-07,9.62926662182342,0.4899339719740095,29502.72439,26782.905875245473
99b9a81c8ca1e4191ecb99ea1925269d,261.0,283.0,1471.484186377868,2637.51777997026,3.858024691358025e-07,51.35676956322564,0.8917434967750006,29502.72439,111510.9038906299
9b43f9544f8116645e31ae9213c26781,751.0,624.0,7371.492646965712,1120039402.4250352,3.858024691358025e-07,33466.9897425065,703.5856552133398,22936.61212,108387852865857.16
9bb9138d182b4279a3084825482decf1,320.0,753.0,1351.4706216283655,6579.576707337648,3.858024691358025e-07,81.11458997823787,0.819013313032618,0.0,174067.7219368712
9ca7f6bed7435cdd4a3d6fb19146ca5d,524.0,652.0,822.6338007869897,29.419997460481508,3.858024691358025e-07,5.424020414828977,0.4985295452510567,6128.313762,18389.26081651819
9e11426fdcba06102b4b11b8905f68c4,572.0,668.0,14171.101008201753,801477372459.5145,3.858024691358025e-07,895252.686373805,19837.95491401644,22539.71454,5.550042054977259e+19
9e11426fdcba06102b4b11b8905f68c4,565.0,638.0,7348.69322398666,53882076347.17018,3.858024691358025e-07,232125.1307962371,7181.058556936207,22539.71454,2.50843232752329e+17
9e11426fdcba06102b4b11b8905f68c4,570.0,649.0,5896.449895419882,15417813718.833382,3.858024691358025e-07,124168.48923472244,1532.5359206454827,22539.71454,2.0538056108997824e+16
9e26efcda1ebd78bc892bdb4b6f1e896,148.0,476.0,12816228.45970819,339973006989.3224,3.858024691358025e-07,583072.0427094086,18675.86828905297,26113.78385,9.986254170755826e+18
9e26efcda1ebd78bc892bdb4b6f1e896,263.0,510.0,16027.711885985094,33035338.67211008,3.858024691358025e-07,5747.637660126991,37.98302734873454,26113.78385,94302729295.64519
9e26efcda1ebd78bc892bdb4b6f1e896,526.0,659.0,41832.837473644,225045511.8609704,3.858024691358025e-07,15001.516985324197,171.3573094493715,26113.78385,4375799695107.21
9eb557ad0078171b05db1918d3121ad4,543.0,641.0,5645.054438598968,25615384.87966036,3.858024691358025e-07,5061.1643798300365,45.05207588952149,33606.96331,56701314270.45182
a05eefa1e7afda82cc2c4504a3770a77,506.0,823.0,2121.3196812596457,573595.9960943018,3.858024691358025e-07,757.3612058286996,5.7195229925245865,48686.512,29949999.707556546
a21745c17d2bdd90fb48d08f90535fa7,1.0,325.0,564.484519018774,9166.74182764522,3.858024691358025e-07,95.7431032902382,0.342086856004047,2246.152062,205864.1403390164
a2aba55a068a1502abbe5aec9af370f2,491.0,244.0,956.8228508105218,19.56801863759129,3.858024691358025e-07,4.423575322925031,0.5798503054837564,1936.946125,16557.690316940963
a2acdbe033d36a8aeaec2da3e17448ce,489.0,678.0,111.1949266449762,0.0925379063661453,3.858024691358025e-07,0.3042004378138621,0.0673859451656543,825.2636888,5901.310418301922
a6fc5341b2d095b1373e90dd370ffeea,440.0,517.0,13638.613811885443,68475649.89246203,3.858024691358025e-07,8275.001504076119,106.81325109893858,43034.13956,405138784577.5062
a812fa14ae08e91802586274ae4b2ab0,418.0,808.0,798.6425938005367,17.0862618775406,3.858024691358025e-07,4.133553178264506,0.4839904812056664,10026.68226,15775.369561064377
a877c065d3586386ed02081aaeac2793,504.0,518.0,2527.9350074857384,147702.07315403325,3.858024691358025e-07,384.320274190724,1.531969982558899,7133.16041,2662336.705973178
a8aa0583814161ce5c2e5e0d07508a97,443.0,819.0,1787.0235840447035,6589.168173928104,3.858024691358025e-07,81.17369139030271,1.0829655355980523,12724.63311,174511.712144718
a9ee6a1d0bedd9a7c24db52176466d54,311.0,711.0,111.1949266449762,15459.52945977626,3.858024691358025e-07,124.3363561464476,0.9926094778571224,628.6154114,274614.9500609868
a9ee6a1d0bedd9a7c24db52176466d54,291.0,727.0,12035.411817691842,14326275.497302735,3.858024691358025e-07,3785.0066707078254,45.3232325348344,628.6154114,17740504023.233356
aa572f95e7e44be71511f7e5ebe29c42,303.0,816.0,37376.69948624129,3094895371.598113,3.858024691358025e-07,55631.78382541866,554.8884983277555,43978.34308,827571915277844.8
af2dc4eaca359d53bb8c6a5473b44875,429.0,815.0,1451.052938088748,436916515118.1877,1.5432098765432098e-06,271183.3393384344,13142.98404948379,16140.18387,1.6493417958755434e+19
af2dc4eaca359d53bb8c6a5473b44875,427.0,816.0,586.3745907176032,6077604453.802676,1.9290123456790124e-06,25692.84116877953,737.9286821623224,16140.18387,3191380688883460.0
af2dc4eaca359d53bb8c6a5473b44875,429.0,816.0,625.4881383590554,403944095.4336049,3.08641975308642e-06,5706.74943716542,409.821923864154,16140.18387,14097971325895.326
af2dc4eaca359d53bb8c6a5473b44875,428.0,815.0,625.4881383590554,2489272131.776576,1.1574074074074074e-06,20771.26117126689,445.0961255437394,16140.18387,535375546007569.44
af2dc4eaca359d53bb8c6a5473b44875,429.0,815.0,1451.052938088748,436916515118.1877,1.5432098765432098e-06,271183.3393384344,13142.98404948379,16140.18387,1.6493417958755434e+19
af2dc4eaca359d53bb8c6a5473b44875,429.0,816.0,625.4881383590554,403944095.4336049,3.08641975308642e-06,5706.74943716542,409.821923864154,16140.18387,14097971325895.326
af2dc4eaca359d53bb8c6a5473b44875,432.0,820.0,1473.658361161748,590524329.5821428,3.858024691358025e-07,24300.7063597366,300.95171610396494,16140.18387,30129368812386.69
af2dc4eaca359d53bb8c6a5473b44875,429.0,815.0,1451.052938088748,436916515118.1877,1.5432098765432098e-06,271183.3393384344,13142.98404948379,16140.18387,1.6493417958755434e+19
af2dc4eaca359d53bb8c6a5473b44875,427.0,816.0,2194.3356424399567,3906358671.499513,3.858024691358025e-07,62500.86936594973,737.9286821623224,16140.18387,1318432854292894.5
af2dc4eaca359d53bb8c6a5473b44875,429.0,816.0,625.4881383590554,403944095.4336049,3.08641975308642e-06,5706.74943716542,409.821923864154,16140.18387,14097971325895.326
af2dc4eaca359d53bb8c6a5473b44875,428.0,815.0,625.4881383590554,2489272131.776576,1.1574074074074074e-06,20771.26117126689,445.0961255437394,16140.18387,535375546007569.44
af2dc4eaca359d53bb8c6a5473b44875,429.0,816.0,625.4881383590554,403944095.4336049,3.08641975308642e-06,5706.74943716542,409.821923864154,16140.18387,14097971325895.326
af2dc4eaca359d53bb8c6a5473b44875,428.0,815.0,625.4881383590554,2489272131.776576,1.1574074074074074e-06,20771.26117126689,445.0961255437394,16140.18387,535375546007569.44
af2dc4eaca359d53bb8c6a5473b44875,429.0,816.0,625.4881383590554,403944095.4336049,3.08641975308642e-06,5706.74943716542,409.821923864154,16140.18387,14097971325895.326
af2dc4eaca359d53bb8c6a5473b44875,429.0,815.0,1451.052938088748,436916515118.1877,1.5432098765432098e-06,271183.3393384344,13142.98404948379,16140.18387,1.6493417958755434e+19
af2dc4eaca359d53bb8c6a5473b44875,427.0,816.0,586.3745907176032,6077604453.802676,1.9290123456790124e-06,25692.84116877953,737.9286821623224,16140.18387,3191380688883460.0
af2dc4eaca359d53bb8c6a5473b44875,427.0,816.0,586.3745907176032,6077604453.802676,1.9290123456790124e-06,25692.84116877953,737.9286821623224,16140.18387,3191380688883460.0
af2dc4eaca359d53bb8c6a5473b44875,429.0,816.0,625.4881383590554,403944095.4336049,3.08641975308642e-06,5706.74943716542,409.821923864154,16140.18387,14097971325895.326
af2dc4eaca359d53bb8c6a5473b44875,427.0,816.0,586.3745907176032,6077604453.802676,1.9290123456790124e-06,25692.84116877953,737.9286821623224,16140.18387,3191380688883460.0
af2dc4eaca359d53bb8c6a5473b44875,427.0,816.0,586.3745907176032,6077604453.802676,1.9290123456790124e-06,25692.84116877953,737.9286821623224,16140.18387,3191380688883460.0
af2dc4eaca359d53bb8c6a5473b44875,429.0,816.0,625.4881383590554,403944095.4336049,3.08641975308642e-06,5706.74943716542,409.821923864154,16140.18387,14097971325895.326
af2dc4eaca359d53bb8c6a5473b44875,429.0,816.0,625.4881383590554,403944095.4336049,3.08641975308642e-06,5706.74943716542,409.821923864154,16140.18387,14097971325895.326
b04e3a706c2c775a9d4b0180b8925789,118.0,609.0,22245.8521154497,5544987.192238033,3.858024691358025e-07,2354.7796483403777,13.481350426302413,11298.49494,2661251492.4519787
b1cd39e5e7cdc062dff41e5922142f2f,480.0,523.0,2716.6486820879463,5298840.920252448,7.716049382716049e-07,1166.0038555594651,22.53156411406469,41256.61204,2428255478.1940494
b1cd39e5e7cdc062dff41e5922142f2f,480.0,523.0,2716.6486820879463,5298840.920252448,7.716049382716049e-07,1166.0038555594651,22.53156411406469,41256.61204,2428255478.1940494
b1cd39e5e7cdc062dff41e5922142f2f,474.0,527.0,892.9770019244928,572425.9172404984,3.858024691358025e-07,756.5883406717938,1.968899691994312,41256.61204,29831624.63478883
b2bca80e1b381f22411d784b945b2706,695.0,646.0,494.04046950414767,2.6419093298711003,3.858024691358025e-07,1.6253951303824865,0.2993966092275034,6848.340906,10219.285664473271
b4379dc190536a81d7ab9a301dbc5c3b,282.0,283.0,17871.773821909796,112482809.42482968,3.858024691358025e-07,10605.791315353592,149.29039202934675,1962.976698,1093187063332.4103
b4379dc190536a81d7ab9a301dbc5c3b,432.0,759.0,1522.7991575668295,1306.640376780707,3.858024691358025e-07,36.1474809188788,0.9228412095493268,1962.976698,80674.91884831653
b5b03bbf7bc0afe3ca96a359876d2773,238.0,431.0,34971.84465947292,1021962056.1197188,3.858024691358025e-07,31968.14126782661,478.1422941525292,11185.25828,90236780722461.38
b7c21b66f5ad3d5abc094af0318589fd,223.0,446.0,12856399.187531024,759494779375.2178,2.3148148148148148e-06,239805.58901717947,46849.23408853856,915.3334514,4.983831243968503e+19
b7c21b66f5ad3d5abc094af0318589fd,223.0,446.0,12856399.187531024,759494779375.2178,2.3148148148148148e-06,239805.58901717947,46849.23408853856,915.3334514,4.983831243968503e+19
b7c21b66f5ad3d5abc094af0318589fd,223.0,446.0,12856399.187531024,759494779375.2178,2.3148148148148148e-06,239805.58901717947,46849.23408853856,915.3334514,4.983831243968503e+19
b7c21b66f5ad3d5abc094af0318589fd,223.0,446.0,12856399.187531024,759494779375.2178,2.3148148148148148e-06,239805.58901717947,46849.23408853856,915.3334514,4.983831243968503e+19
b7c21b66f5ad3d5abc094af0318589fd,223.0,446.0,12856399.187531024,759494779375.2178,2.3148148148148148e-06,239805.58901717947,46849.23408853856,915.3334514,4.983831243968503e+19
b7c21b66f5ad3d5abc094af0318589fd,223.0,446.0,12856399.187531024,759494779375.2178,2.3148148148148148e-06,239805.58901717947,46849.23408853856,915.3334514,4.983831243968503e+19
b8377ee7a60b32c437e700f37239f178,408.0,774.0,17298.30401132599,192196945.48897943,3.858024691358025e-07,13863.51129725004,150.88702235466317,25656.066,3191614867883.907
be327633bf6caf506c3c73c0a061e5a9,227.0,454.0,1186.249420385958,44313.643374733474,3.858024691358025e-07,210.5080601182137,0.7188865608631939,1971.04945,598631.6358476877
bea22b7098609daab74e25f7410b3074,492.0,796.0,587.9380530520317,1.211685374244808,3.858024691358025e-07,1.1007658126253776,0.3563000814733051,4452.402883,9365.261010043952
bed5c3ce9ebf94691a66b2a4d499dbb8,332.0,588.0,5120.909971389117,1253518.561177438,3.858024691358025e-07,1119.6064313755248,9.563051364364442,1821.712279,138009886.3626425
c0da0ba2f9979f132365c0b31bf2f41a,576.0,351.0,2978.364427733222,46722.46531179344,3.858024691358025e-07,216.15380013266807,1.8049375827237024,1449.509749,629903.7003259269
c181be53c5e92ed85f781b7554a91089,474.0,847.0,979.437315181392,5973.306825638944,3.858024691358025e-07,77.28717115821321,0.5935550409838835,6403.951498,165394.2588544448
c19ebf652113a1dcedc950f581313b9e,379.0,606.0,22659.917809872462,16622477.569914307,3.858024691358025e-07,4077.067275617893,50.33253973103618,406.4056209,23881069512.138626
c2a19c716cc364e908a3248e96855379,419.0,639.0,830.249710956032,96.87858210825624,3.858024691358025e-07,9.842691812114014,0.5031449114625917,1519.572766,27237.292237439204
c417407b200cba3d3725a6cc14b08cf8,-16.0,450.0,194.23307099617992,918.7608044212016,3.858024691358025e-07,30.311067358659635,0.4708342883903393,6331.673075,66614.94394749771
c5bbe3185a555403c250ce6805cb3c45,382.0,760.0,835.6304520315443,36.50078173492889,3.858024691358025e-07,6.041587683293928,0.506405728561567,85010.47348,19648.85762854866
c65b6d2d42caf8f4705827d9c1ecff17,401.0,143.0,774.6049385120818,8.397259156971327,3.858024691358025e-07,2.897802470316313,0.4694232687303744,639.0109305,13268.712493379227
c7378adf6abf95c5b64fecb368dc2093,306.0,397.0,1468.2813701965956,1060913421320.6685,3.858024691358025e-07,1030006.5151836023,34895.63664764022,5217.568766,9.724642164537142e+19
c7378adf6abf95c5b64fecb368dc2093,306.0,397.0,1121.0226941825883,773197717740.9,1.1574074074074074e-06,397429.4057626045,34895.63664764022,5217.568766,5.1652919006980104e+19
c7378adf6abf95c5b64fecb368dc2093,304.0,396.0,1206.535839704747,1477528197963.2456,1.1574074074074074e-06,634793.0653434691,56005.12813122371,5217.568766,1.8861893934836056e+20
c7378adf6abf95c5b64fecb368dc2093,304.0,396.0,1206.535839704747,1477528197963.2456,1.1574074074074074e-06,634793.0653434691,56005.12813122371,5217.568766,1.8861893934836056e+20
c7378adf6abf95c5b64fecb368dc2093,296.0,393.0,4245.212994923206,143996321931.0683,1.1574074074074074e-06,155512.3017947054,17477.51924628694,5217.568766,1.7914988793550285e+18
c7378adf6abf95c5b64fecb368dc2093,296.0,393.0,4245.212994923206,143996321931.0683,1.1574074074074074e-06,155512.3017947054,17477.51924628694,5217.568766,1.7914988793550285e+18
c7378adf6abf95c5b64fecb368dc2093,287.0,377.0,12943.57298214322,28273671038.71889,3.858024691358025e-07,168147.7654883314,957.2513787894916,5217.568766,6.90682012903979e+16
c7378adf6abf95c5b64fecb368dc2093,312.0,395.0,4296.268231695223,185373676336.2729,3.858024691358025e-07,430550.43413782894,9508.48775256211,5217.568766,2.968997750357053e+18
c7378adf6abf95c5b64fecb368dc2093,306.0,397.0,1101.052576974601,1193184155920.4414,7.716049382716049e-07,772393.7324708303,34895.63664764022,5217.568766,1.2300668034832417e+20
c7378adf6abf95c5b64fecb368dc2093,306.0,397.0,1121.0226941825883,773197717740.9,1.1574074074074074e-06,397429.4057626045,34895.63664764022,5217.568766,5.1652919006980104e+19
c7378adf6abf95c5b64fecb368dc2093,304.0,396.0,1206.535839704747,1477528197963.2456,1.1574074074074074e-06,634793.0653434691,56005.12813122371,5217.568766,1.8861893934836056e+20
c7378adf6abf95c5b64fecb368dc2093,306.0,397.0,1101.052576974601,1193184155920.4414,7.716049382716049e-07,772393.7324708303,34895.63664764022,5217.568766,1.2300668034832417e+20
c7378adf6abf95c5b64fecb368dc2093,297.0,393.0,6465.6847704482425,20572658686475.832,3.858024691358025e-07,4535709.281521009,144656.61788985826,5217.568766,3.656744226118091e+22
c7378adf6abf95c5b64fecb368dc2093,306.0,397.0,1121.0226941825883,773197717740.9,1.1574074074074074e-06,397429.4057626045,34895.63664764022,5217.568766,5.1652919006980104e+19
c7378adf6abf95c5b64fecb368dc2093,296.0,393.0,4245.212994923206,143996321931.0683,1.1574074074074074e-06,155512.3017947054,17477.51924628694,5217.568766,1.7914988793550285e+18
c77fb96d7f50cf5d0fd185cc501b2907,307.0,129.0,818.4052342412017,42.82910472127431,3.858024691358025e-07,6.544394908719545,0.4959669646932049,10004.20403,20624.63993487879
c91e40e964050ff264ac79e1d9316ca3,352.0,542.0,1374.810302875066,1863.9531641874,3.858024691358025e-07,43.173523879658006,0.8331575416601305,56649.96587,94769.56987622609
ca12d1dbc5459c2c6b2b2355246e6664,275.0,661.0,3017.976054526164,6280288.612368111,3.858024691358025e-07,2506.0504010031623,17.16595141649841,5794.32031,3412812066.608984
ca12d1dbc5459c2c6b2b2355246e6664,277.0,659.0,2648.9398017261287,19353173.59278577,3.858024691358025e-07,4399.224203514271,49.37161732826036,5794.32031,32369523651.917557
ca1458d6b94c6f81f1cc56d798f42387,241.0,525.0,755.2538952240809,142.00506102021805,3.858024691358025e-07,11.916587641611924,0.4576962198210045,3527.095163,31279.85254587917
ca1e23ce35abac1c308c4b20d702b1f2,615.0,460.0,1290.7586344865597,487.6609640546143,3.858024691358025e-07,22.083046983027824,0.7822208547851042,3190.696017,52233.50512020284
cb03094d109724da423ef5b225a59af1,446.0,505.0,1795.8635982896928,18909.3195924739,3.858024691358025e-07,137.51116170141935,1.0883227287441972,7652.214471,314333.9049283267
cb337295f8474fa2cb98c98e0483d13a,238.0,318.0,3008.612994349855,76128.08903097491,3.858024691358025e-07,275.9131911144788,1.8232687087214567,6507.452259,1061554.024983177
cda9d416d8504131e5f3b376df534a82,219.0,321.0,5031.386120489242,857671.8478785374,3.858024691358025e-07,926.1057433568466,3.0491023246878464,1842.180214,65417712.59180038
cda9d416d8504131e5f3b376df534a82,217.0,369.0,76281.46523047579,197144158.5231073,3.858024691358025e-07,14040.803343224608,46.22781623513882,1842.180214,3358034876552.5337
cda9d416d8504131e5f3b376df534a82,204.0,348.0,2276.326162481412,274305.7213949821,3.858024691358025e-07,523.7420370707149,1.3794909050434718,1842.180214,7557217.577242475
cdff0fa333ca3f67da9877cf25c7ccab,304.0,482.0,12890604.24459552,32898642640731.426,3.858024691358025e-07,5735733.836287335,106506.6780392244,4273.553346,9.351250740887197e+22
ced8fd3abad163a7d29f2705b13d7aea,390.0,725.0,6153.332857087999,591651521.639103,7.716049382716049e-07,12817.842111433103,295.77209552416474,14313.38309,30244477237685.85
ced8fd3abad163a7d29f2705b13d7aea,390.0,725.0,6153.332857087999,591651521.639103,7.716049382716049e-07,12817.842111433103,295.77209552416474,14313.38309,30244477237685.85
cf1d2589b2047edbedcc1b8ffe50a45a,597.0,290.0,8146.682437726998,37372192.13694207,3.858024691358025e-07,6113.279981887143,28.852184093062544,5502.57131,120685453054.80205
d3885d5378c4f1874a0029e017d47efd,495.0,704.0,776.1615269949692,63758.57724976827,3.858024691358025e-07,252.50460837332903,0.4703665868341204,17227.18122,863715.4995991192
d4921f47a5d9da5497700a1e0235754c,558.0,692.0,2173.779631719932,66234986.603006944,3.858024691358025e-07,8138.487980147599,78.94407798232447,13457.60868,379059431715.12915
d5369e2cd6773b4926997f0086e76cdd,125.0,444.0,1514.8690055638217,922.7166414428084,3.858024691358025e-07,30.37625127369749,0.9180354076645914,1461.147582,69052.60169771625
d5e71fabb568beed976d2d1f3338ce6f,557.0,669.0,12984814.883857785,176497958153.07068,3.858024691358025e-07,420116.600663519,4775.306835481914,2230.105335,2.6914921265025987e+18
d72286c43022f950a924ad6e1c8e7f2c,388.0,105.0,820.812947103933,74.20543836525738,3.858024691358025e-07,8.614257853422858,0.4974260781115507,51421.03476,24771.56106389143
d751baf3ea60ca4aab0b63fc4b7400c9,554.0,344.0,3347.019283815974,228628.91136320765,3.858024691358025e-07,478.15155689719097,2.02834845830108,25120.16273,5481651.977737405
d9ec9a6b4048bd4db1e61f06586c41d5,570.0,435.0,3903.991450321223,139949.10548956355,3.858024691358025e-07,374.0977218449259,2.36588270545145,3168.070904,2449694.412956084
daaf09265c8399af0bef4019651638a3,531.0,717.0,1156.8836816194478,6280662.197082328,3.858024691358025e-07,2506.124936447169,5.7204262538236215,4367.16467,3413216577.4133987
dd888f412aa66d13c7e186d51b2ec39c,286.0,733.0,12374.807310967975,68176615716.26156,1.1574074074074074e-06,128416.59906121988,6503.746146440352,30238.42508,4.0159160065401395e+17
dd888f412aa66d13c7e186d51b2ec39c,286.0,733.0,12374.807310967975,68176615716.26156,1.1574074074074074e-06,128416.59906121988,6503.746146440352,30238.42508,4.0159160065401395e+17
dd888f412aa66d13c7e186d51b2ec39c,286.0,733.0,12374.807310967975,68176615716.26156,1.1574074074074074e-06,128416.59906121988,6503.746146440352,30238.42508,4.0159160065401395e+17
dfb65eb099e9939aaa5070beeb850029,710.0,683.0,2549.0602994778305,788942.2336850037,3.858024691358025e-07,888.2242023751681,1.544772255215109,35163.78947,55563201.23804409
e1a0883758d8bb97106f97340bdb97a5,31.0,423.0,1005.4665400019188,520.8550939577927,3.858024691358025e-07,22.822249975797583,0.6093291771671552,14754.85413,53435.25145515691
e1a0883758d8bb97106f97340bdb97a5,-55.0,465.0,824.983656563741,2651.781571649773,3.858024691358025e-07,51.49545195111674,0.4999535963200017,14754.85413,111143.5583816187
e215f24ab96ccabec4bc77e3e9e32eb1,705.0,679.0,283458.2668958749,4894803484.419375,3.858024691358025e-07,69962.87218531966,535.8532939583592,41480.16717,2070066479393513.2
e2757c155d2dd79fe11338f1220a3697,280.0,537.0,10069.739224282432,571837.1507800005,3.858024691358025e-07,756.1991475663011,6.102426753266628,6225.781323,29775356.430321295
e3aac3618220663a17033da9a4b3ae40,375.0,155.0,21684.49835962023,70455669.95975444,3.858024691358025e-07,8393.7875812862,93.4092706933414,3171.045057,428906522297.8707
e3aac3618220663a17033da9a4b3ae40,374.0,150.0,2065.631864862724,2819432.020669634,3.858024691358025e-07,1679.1164404738684,6.442563600588206,3171.045057,690177421.6956736
e3b5bd7863a352d56d17f0cb8ee14d74,176.0,401.0,1348.4637135624816,438.8703575276456,3.858024691358025e-07,20.949232862509444,0.8171910775781619,2294.687551,50011.01773674204
e4fb80ac0352042c6aa8f9b4b947c0f1,117.0,473.0,2586.753947436784,155770.30710497365,3.858024691358025e-07,394.6774722542112,1.5676152227396851,634.1158812,2894625.579689456
e517efc846fae7859cdf58538b6684a9,454.0,537.0,333.584779933514,10.294132630820254,3.858024691358025e-07,3.208447074648459,0.2021578355575647,32448.73854,12946.506437821645
e64a02b0f3a39bc4f9ad25b0a074a5fb,479.0,294.0,1184.5160304140704,327.307973816051,3.858024691358025e-07,18.09165481143312,0.7178360981571851,6736.177673,44143.25789507205
e6e0ad5563338ed183b6485f15f8b597,554.0,284.0,225.01951254836115,0.2649345704628416,3.858024691358025e-07,0.5147179523417088,0.1363655069000897,780.9829712,7114.087961850572
e7435b6df915218b3c8b810ae9aef081,443.0,613.0,564.2727225389154,4623.270981639559,3.858024691358025e-07,67.99463935958157,0.3419585038591095,7198.85303,144953.86825493036
e8dc7d9459d9622f1fd8d3bcea9c00b2,474.0,238.0,1860.2997987082213,3906.82537170128,3.858024691358025e-07,62.50460280412379,1.1273721210144836,8495.083541,134785.81382847988
e9b1639484aac44877688fb5d545aa26,274.0,541.0,9995.803482183252,3253972.7355030035,3.858024691358025e-07,1803.8771398027648,18.916575561958258,2761.605282,918450552.1017542
e9b1639484aac44877688fb5d545aa26,291.0,570.0,14965.218028517302,1369584.3452593728,3.858024691358025e-07,1170.2924186968712,9.06916702404336,2761.605282,164417158.550966
e9b1639484aac44877688fb5d545aa26,292.0,565.0,6056.449263957731,298644.6001726443,3.858024691358025e-07,546.4838517034555,3.670307364567042,2761.605282,8808645.67721778
eb10cefd10ff5aad5bc52c73ade03d01,281.0,792.0,173821.44264376734,4377363524.669984,3.858024691358025e-07,66161.64693136034,335.3963998215387,9388.128219,1655537439639257.8
eb10cefd10ff5aad5bc52c73ade03d01,244.0,418.0,15045.128357131503,3075573804.6344748,3.858024691358025e-07,55457.85611285812,1259.5175060526567,9388.128219,817271036204444.6
eb10cefd10ff5aad5bc52c73ade03d01,295.0,325.0,193195.70624889364,15990754116.64271,3.858024691358025e-07,126454.55356230834,668.8264711967158,9388.128219,2.209284462063797e+16
eb10cefd10ff5aad5bc52c73ade03d01,292.0,306.0,273873.69792366587,25980546934.86376,3.858024691358025e-07,161184.8222844315,1017.1332637937874,9388.128219,5.831903428697824e+16
ecc50f8f3cb92fe50ba24c2088ee1535,503.0,475.0,485.0477117221197,96338505.30255336,8.873456790123457e-06,1327.8399862948793,155.49812942921898,1809.316161,801890359606.9595
ecc50f8f3cb92fe50ba24c2088ee1535,503.0,475.0,485.0477117221197,96338505.30255336,8.873456790123457e-06,1327.8399862948793,155.49812942921898,1809.316161,801890359606.9595
ecc50f8f3cb92fe50ba24c2088ee1535,503.0,475.0,485.0477117221197,96338505.30255336,8.873456790123457e-06,1327.8399862948793,155.49812942921898,1809.316161,801890359606.9595
ecc50f8f3cb92fe50ba24c2088ee1535,503.0,475.0,485.0477117221197,96338505.30255336,8.873456790123457e-06,1327.8399862948793,155.49812942921898,1809.316161,801890359606.9595
ecc50f8f3cb92fe50ba24c2088ee1535,503.0,475.0,485.0477117221197,96338505.30255336,8.873456790123457e-06,1327.8399862948793,155.49812942921898,1809.316161,801890359606.9595
ecc50f8f3cb92fe50ba24c2088ee1535,503.0,475.0,485.0477117221197,96338505.30255336,8.873456790123457e-06,1327.8399862948793,155.49812942921898,1809.316161,801890359606.9595
ecc50f8f3cb92fe50ba24c2088ee1535,503.0,475.0,485.0477117221197,96338505.30255336,8.873456790123457e-06,1327.8399862948793,155.49812942921898,1809.316161,801890359606.9595
ecc50f8f3cb92fe50ba24c2088ee1535,503.0,475.0,485.0477117221197,96338505.30255336,8.873456790123457e-06,1327.8399862948793,155.49812942921898,1809.316161,801890359606.9595
ecc50f8f3cb92fe50ba24c2088ee1535,503.0,475.0,485.0477117221197,96338505.30255336,8.873456790123457e-06,1327.8399862948793,155.49812942921898,1809.316161,801890359606.9595
ecc50f8f3cb92fe50ba24c2088ee1535,499.0,496.0,10539.70303010664,65360795.75651176,3.858024691358025e-07,8084.602387038694,44.1117534466654,1809.316161,369119884544.4202
ecc50f8f3cb92fe50ba24c2088ee1535,503.0,475.0,485.0477117221197,96338505.30255336,8.873456790123457e-06,1327.8399862948793,155.49812942921898,1809.316161,801890359606.9595
ecc50f8f3cb92fe50ba24c2088ee1535,503.0,475.0,485.0477117221197,96338505.30255336,8.873456790123457e-06,1327.8399862948793,155.49812942921898,1809.316161,801890359606.9595
ecc50f8f3cb92fe50ba24c2088ee1535,503.0,475.0,485.0477117221197,96338505.30255336,8.873456790123457e-06,1327.8399862948793,155.49812942921898,1809.316161,801890359606.9595
ecc50f8f3cb92fe50ba24c2088ee1535,503.0,475.0,485.0477117221197,96338505.30255336,8.873456790123457e-06,1327.8399862948793,155.49812942921898,1809.316161,801890359606.9595
ecc50f8f3cb92fe50ba24c2088ee1535,503.0,475.0,485.0477117221197,96338505.30255336,8.873456790123457e-06,1327.8399862948793,155.49812942921898,1809.316161,801890359606.9595
ecc50f8f3cb92fe50ba24c2088ee1535,503.0,475.0,485.0477117221197,96338505.30255336,8.873456790123457e-06,1327.8399862948793,155.49812942921898,1809.316161,801890359606.9595
ecc50f8f3cb92fe50ba24c2088ee1535,503.0,475.0,485.0477117221197,96338505.30255336,8.873456790123457e-06,1327.8399862948793,155.49812942921898,1809.316161,801890359606.9595
ecc50f8f3cb92fe50ba24c2088ee1535,503.0,475.0,485.0477117221197,96338505.30255336,8.873456790123457e-06,1327.8399862948793,155.49812942921898,1809.316161,801890359606.9595
ecc50f8f3cb92fe50ba24c2088ee1535,503.0,475.0,485.0477117221197,96338505.30255336,8.873456790123457e-06,1327.8399862948793,155.49812942921898,1809.316161,801890359606.9595
ecc50f8f3cb92fe50ba24c2088ee1535,503.0,475.0,485.0477117221197,96338505.30255336,8.873456790123457e-06,1327.8399862948793,155.49812942921898,1809.316161,801890359606.9595
ecc50f8f3cb92fe50ba24c2088ee1535,503.0,475.0,485.0477117221197,96338505.30255336,8.873456790123457e-06,1327.8399862948793,155.49812942921898,1809.316161,801890359606.9595
ecc50f8f3cb92fe50ba24c2088ee1535,503.0,475.0,485.0477117221197,96338505.30255336,8.873456790123457e-06,1327.8399862948793,155.49812942921898,1809.316161,801890359606.9595
ecc50f8f3cb92fe50ba24c2088ee1535,503.0,475.0,485.0477117221197,96338505.30255336,8.873456790123457e-06,1327.8399862948793,155.49812942921898,1809.316161,801890359606.9595
ecc50f8f3cb92fe50ba24c2088ee1535,503.0,475.0,485.0477117221197,96338505.30255336,8.873456790123457e-06,1327.8399862948793,155.49812942921898,1809.316161,801890359606.9595
ed1df77867bae1a9481b1b9009fb250f,-16.0,450.0,194.23307099617992,5.414815771926971,3.858024691358025e-07,2.3269756706779234,0.4708342883903393,2116.828662,10573.466851924864
ed8638909ce0e0e0a37e5947a3945da0,307.0,494.0,3498.484309700205,61419681600.976616,3.858024691358025e-07,247829.9449238865,3861.128784935997,38557.91691,3.259333981758749e+17
ed8638909ce0e0e0a37e5947a3945da0,305.0,501.0,7856.338663263624,8603706595.677744,3.858024691358025e-07,92756.16742663393,1589.6889089029096,38557.91691,6395653670263966.0
ed8638909ce0e0e0a37e5947a3945da0,348.0,448.0,29182.1395785631,124864362.34790078,3.858024691358025e-07,11174.272340868589,91.93868609320266,38557.91691,1347094176362.0413
ed8638909ce0e0e0a37e5947a3945da0,300.0,491.0,194392.95990458791,11851921933752.486,3.858024691358025e-07,3442662.041756711,110195.45081913874,38557.91691,1.2136439824460032e+22
ed8638909ce0e0e0a37e5947a3945da0,302.0,493.0,4595.37189191284,4238859463.729443,3.858024691358025e-07,65106.52397209855,1198.519915612006,38557.91691,1552429243623208.5
ee4e89a274be985a563ace6ce6916b4b,692.0,644.0,13052559.326367363,72167667367.15514,3.858024691358025e-07,268640.4053137858,8091.324135882286,2776.483209,4.499860797591917e+17
ee6ad1289f23d602a0d81f3d0ec5054b,252.0,384.0,367.20008562706647,7.149070737096082,3.858024691358025e-07,2.673774623466997,0.2225292609084305,9607.990695,11983.021614187932
ef49444e93d00a114d08a49cbf87a53b,507.0,678.0,12959999.338380272,211866040733.5004,7.716049382716049e-07,283345.162393134,9876.146207256834,6559.905061,3.8782557408368195e+18
ef49444e93d00a114d08a49cbf87a53b,507.0,678.0,12959999.338380272,211866040733.5004,7.716049382716049e-07,283345.162393134,9876.146207256834,6559.905061,3.8782557408368195e+18
ef49444e93d00a114d08a49cbf87a53b,510.0,678.0,12961503.44522568,242882774704.3621,3.858024691358025e-07,492831.3856729928,6474.478713999131,6559.905061,5.096912451220649e+18
ef49444e93d00a114d08a49cbf87a53b,507.0,674.0,12960304.537778428,23388662802.60352,3.858024691358025e-07,152933.524129288,1455.7708703816952,6559.905061,4.7263353226637496e+16
ef6900b0cb774fd8e17242228df7503b,233.0,523.0,1161.6706140752806,2076.722311781783,3.858024691358025e-07,45.57106880227611,0.7039914022080573,22624.37722,99444.95188982024
ef9fc1092fa9bd655143332259f3f035,102.0,554.0,12783737.275522036,884485022301.2394,3.858024691358025e-07,940470.6387236336,10534.767328597269,12654.11805,6.759190840582032e+19
efdf578ed2da97d9371b120e4256a616,538.0,352.0,5990.776501018041,4360149.273452046,3.858024691358025e-07,2088.097045985183,3.630508595489074,8449.688826,1646727871.2503936
f041e3af49c77643f96c57a64734031f,351.0,738.0,308.34922527048826,0.0019677827271397,3.858024691358025e-07,0.0443596971037867,0.1868646765034853,16662.51366,6528.603128558692
f2b3416f8ac05a02d445c985031e7e2d,131.0,426.0,447.9830839352488,75053059.26901965,3.858024691358025e-07,8663.316874559054,56.22015502638525,14051.91732,486705224860.15533
f2fa4a65f0cd0f4938b364b0f4422c75,436.0,387.0,23768.93886086326,18029827.30420833,3.858024691358025e-07,4246.154413608663,14.404365915249867,4902.681653,28094955342.22014
f328db0b7a48ff398449d4efed6adb48,88.0,385.0,2494.152359387049,19718.587921904746,3.858024691358025e-07,140.42288959391465,1.511497145035765,8990.88168,323227.29948637675
f38a651b79782642187f6e1ed81cd393,257.0,439.0,30859.56893321781,13716439.561123466,3.858024691358025e-07,3703.571190232944,18.701403772073814,38766.63786,16262776467.412098
f38a651b79782642187f6e1ed81cd393,326.0,445.0,6756.887362872434,8924972631.542791,3.858024691358025e-07,94472.07328910904,2935.680595922196,38766.63786,6882203980289327.0
f38a651b79782642187f6e1ed81cd393,321.0,438.0,6125.858620800466,1173727975.4847553,3.858024691358025e-07,34259.71359315129,257.0174682238571,38766.63786,119027936470857.11
f6fbfc4f41ea85007fc9204f4ab11aaf,334.0,759.0,2342.9349960860545,426682.9885081547,3.858024691358025e-07,653.2097584299814,5.230849668181805,5621.433441,17044979.613666788
f7c5a90723822c93d9986dd169f28bcb,337.0,638.0,61798.90838949008,22149867610.7145,3.858024691358025e-07,148828.3158902045,5104.8260601440925,1078.926464,4.238927757654531e+16
f7c5a90723822c93d9986dd169f28bcb,388.0,714.0,5987.14332217535,467768911.1720876,3.858024691358025e-07,21627.965950872207,120.1026730317258,1078.926464,18905033233690.008
f7c5a90723822c93d9986dd169f28bcb,392.0,705.0,16070.69700580616,1497886660.8888435,3.858024691358025e-07,38702.54075495359,162.48428327766925,1078.926464,193852685798218.88
f87f5d1882198f936b44dbb4d3a05bef,380.0,236.0,450.7412669385396,50499.385946434726,7.716049382716049e-07,149.10414729253125,1.0926277515790372,0.0,525409.4149056376
f87f5d1882198f936b44dbb4d3a05bef,380.0,236.0,450.7412669385396,50499.385946434726,7.716049382716049e-07,149.10414729253125,1.0926277515790372,0.0,525409.4149056376
f91f9d7bfc7c7d4eb15d30d067704d6f,539.0,594.0,1150.8861353991945,225708.9796904516,3.858024691358025e-07,475.0883914498981,0.697455831451773,111.1949266,5359703.111716345
f9e5ec21d98973b1c75e8c5f0fdc783b,382.0,230.0,4195.949678337326,25041974.05980257,1.1574074074074074e-06,2306.898701888949,50.55986786133782,317.767147,54186103327.89007
f9e5ec21d98973b1c75e8c5f0fdc783b,382.0,230.0,4195.949678337326,25041974.05980257,1.1574074074074074e-06,2306.898701888949,50.55986786133782,317.767147,54186103327.89007
f9e5ec21d98973b1c75e8c5f0fdc783b,382.0,230.0,4195.949678337326,25041974.05980257,1.1574074074074074e-06,2306.898701888949,50.55986786133782,317.767147,54186103327.89007
f9ecfec90279b619b2ba3c306ece322c,273.0,537.0,877.7952651858282,9.034082338827412,3.858024691358025e-07,3.0056750221584854,0.5319582953655929,0.0,13624.87100792683
fe0c0d7c3663cf84655ddf12069e95e4,390.0,672.0,10985.397352569693,987567.177649101,3.858024691358025e-07,993.7641458862868,6.657330564306741,756.2447252,86262943.67890993
feae2f0d770186ac0121c9c21580fcd3,439.0,189.0,1037.17964756742,65125.833005828026,3.858024691358025e-07,255.19763518854955,0.6285478395833636,46703.84644,884654.9464798649
